{
  "validation_coverage": [
    142,
    224
  ],
  "wc_coverage": [
    64,
    64
  ],
  "best_pool": "linear",
  "best_w": 0.0,
  "best_val_log_loss": 0.9205788634466282,
  "wc": {
    "market alone (w=0)": {
      "log_loss": 0.9986377611926158,
      "brier": 0.5839634098167937,
      "rps": 0.20753216340767372
    },
    "model alone (w=1)": {
      "log_loss": 1.020203214956835,
      "brier": 0.5995176110985484,
      "rps": 0.21098671938691077
    },
    "blend linear w*=0.0": {
      "log_loss": 0.9986377611926158,
      "brier": 0.5839634098167937,
      "rps": 0.20753216340767372
    }
  }
}