{
  "as_of": "2026-06-19",
  "source": "polymarket world-cup-winner (normalized, not de-vigged)",
  "raw_price_sum": 1.025,
  "n_teams_priced": 48,
  "p_market": {
    "spain": 0.1331707317073171,
    "new_zealand": 0.00048780487804878054,
    "switzerland": 0.00926829268292683,
    "england": 0.12536585365853659,
    "france": 0.18000000000000002,
    "south_korea": 0.003414634146341464,
    "haiti": 0.00048780487804878054,
    "brazil": 0.06487804878048782,
    "jordan": 0.00048780487804878054,
    "curacao": 0.00048780487804878054,
    "argentina": 0.11463414634146342,
    "germany": 0.05902439024390244,
    "colombia": 0.016097560975609757,
    "iran": 0.00048780487804878054,
    "portugal": 0.07170731707317074,
    "ghana": 0.0014634146341463417,
    "netherlands": 0.038536585365853665,
    "algeria": 0.00048780487804878054,
    "bosnia_and_herzegovina": 0.00048780487804878054,
    "united_states": 0.023902439024390248,
    "canada": 0.003414634146341464,
    "turkey": 0.004390243902439026,
    "uruguay": 0.005365853658536586,
    "mexico": 0.015121951219512196,
    "paraguay": 0.0014634146341463417,
    "scotland": 0.0014634146341463417,
    "japan": 0.015121951219512196,
    "norway": 0.02487804878048781,
    "tunisia": 0.00048780487804878054,
    "ecuador": 0.004390243902439026,
    "uzbekistan": 0.00048780487804878054,
    "morocco": 0.025853658536585368,
    "panama": 0.00048780487804878054,
    "iraq": 0.00048780487804878054,
    "south_africa": 0.00048780487804878054,
    "senegal": 0.005365853658536586,
    "ivory_coast": 0.004390243902439026,
    "dr_congo": 0.0014634146341463417,
    "cape_verde": 0.00048780487804878054,
    "czech_republic": 0.00048780487804878054,
    "qatar": 0.00048780487804878054,
    "belgium": 0.015121951219512196,
    "australia": 0.004390243902439026,
    "saudi_arabia": 0.00048780487804878054,
    "austria": 0.004390243902439026,
    "croatia": 0.006341463414634148,
    "egypt": 0.002439024390243903,
    "sweden": 0.005365853658536586
  },
  "raw_price": {
    "spain": 0.1365,
    "new_zealand": 0.0005,
    "switzerland": 0.0095,
    "england": 0.1285,
    "france": 0.1845,
    "south_korea": 0.0035,
    "haiti": 0.0005,
    "brazil": 0.0665,
    "jordan": 0.0005,
    "curacao": 0.0005,
    "argentina": 0.1175,
    "germany": 0.0605,
    "colombia": 0.0165,
    "iran": 0.0005,
    "portugal": 0.0735,
    "ghana": 0.0015,
    "netherlands": 0.0395,
    "algeria": 0.0005,
    "bosnia_and_herzegovina": 0.0005,
    "united_states": 0.0245,
    "canada": 0.0035,
    "turkey": 0.0045000000000000005,
    "uruguay": 0.0055,
    "mexico": 0.0155,
    "paraguay": 0.0015,
    "scotland": 0.0015,
    "japan": 0.0155,
    "norway": 0.025500000000000002,
    "tunisia": 0.0005,
    "ecuador": 0.0045000000000000005,
    "uzbekistan": 0.0005,
    "morocco": 0.0265,
    "panama": 0.0005,
    "iraq": 0.0005,
    "south_africa": 0.0005,
    "senegal": 0.0055,
    "ivory_coast": 0.0045000000000000005,
    "dr_congo": 0.0015,
    "cape_verde": 0.0005,
    "czech_republic": 0.0005,
    "qatar": 0.0005,
    "belgium": 0.0155,
    "australia": 0.0045000000000000005,
    "saudi_arabia": 0.0005,
    "austria": 0.0045000000000000005,
    "croatia": 0.006500000000000001,
    "egypt": 0.0025,
    "sweden": 0.0055
  },
  "team_names": {
    "spain": "Spain",
    "new_zealand": "New Zealand",
    "switzerland": "Switzerland",
    "england": "England",
    "france": "France",
    "south_korea": "South Korea",
    "haiti": "Haiti",
    "brazil": "Brazil",
    "jordan": "Jordan",
    "curacao": "Curacao",
    "argentina": "Argentina",
    "germany": "Germany",
    "colombia": "Colombia",
    "iran": "Iran",
    "portugal": "Portugal",
    "ghana": "Ghana",
    "netherlands": "Netherlands",
    "algeria": "Algeria",
    "bosnia_and_herzegovina": "Bosnia and Herzegovina",
    "united_states": "United States",
    "canada": "Canada",
    "turkey": "Turkey",
    "uruguay": "Uruguay",
    "mexico": "Mexico",
    "paraguay": "Paraguay",
    "scotland": "Scotland",
    "japan": "Japan",
    "norway": "Norway",
    "tunisia": "Tunisia",
    "ecuador": "Ecuador",
    "uzbekistan": "Uzbekistan",
    "morocco": "Morocco",
    "panama": "Panama",
    "iraq": "Iraq",
    "south_africa": "South Africa",
    "senegal": "Senegal",
    "ivory_coast": "Ivory Coast",
    "dr_congo": "DR Congo",
    "cape_verde": "Cape Verde",
    "czech_republic": "Czech Republic",
    "qatar": "Qatar",
    "belgium": "Belgium",
    "australia": "Australia",
    "saudi_arabia": "Saudi Arabia",
    "austria": "Austria",
    "croatia": "Croatia",
    "egypt": "Egypt",
    "sweden": "Sweden"
  }
}