{
  "as_of": "2026-06-28",
  "source": "polymarket world-cup-winner (normalized, not de-vigged)",
  "raw_price_sum": 1.0045,
  "n_teams_priced": 48,
  "p_market": {
    "spain": 0.10502737680438029,
    "new_zealand": 0.0,
    "switzerland": 0.009457441513190643,
    "england": 0.10204081632653061,
    "france": 0.22847187655550028,
    "south_korea": 0.0,
    "haiti": 0.0,
    "brazil": 0.053260328521652564,
    "jordan": 0.0,
    "curacao": 0.0,
    "argentina": 0.2105525136884022,
    "germany": 0.03633648581383773,
    "colombia": 0.0233947237431558,
    "iran": 0.0,
    "portugal": 0.06072672971627675,
    "ghana": 0.0014932802389248383,
    "netherlands": 0.050273768043802895,
    "algeria": 0.0014932802389248383,
    "bosnia_and_herzegovina": 0.0014932802389248383,
    "united_states": 0.021403683424589346,
    "canada": 0.0014932802389248383,
    "turkey": 0.0,
    "uruguay": 0.0,
    "mexico": 0.011448481831757094,
    "paraguay": 0.0004977600796416127,
    "scotland": 0.0,
    "japan": 0.011448481831757094,
    "norway": 0.020408163265306124,
    "tunisia": 0.0,
    "ecuador": 0.0054753608760577405,
    "uzbekistan": 0.0,
    "morocco": 0.013439522150323544,
    "panama": 0.0,
    "iraq": 0.0,
    "south_africa": 0.0004977600796416127,
    "senegal": 0.004479840716774515,
    "ivory_coast": 0.002488800398208064,
    "dr_congo": 0.0004977600796416127,
    "cape_verde": 0.0004977600796416127,
    "czech_republic": 0.0,
    "qatar": 0.0,
    "belgium": 0.01244400199104032,
    "australia": 0.0014932802389248383,
    "saudi_arabia": 0.0,
    "austria": 0.0014932802389248383,
    "croatia": 0.0034843205574912896,
    "egypt": 0.0014932802389248383,
    "sweden": 0.0014932802389248383
  },
  "raw_price": {
    "spain": 0.1055,
    "new_zealand": 0.0,
    "switzerland": 0.0095,
    "england": 0.1025,
    "france": 0.2295,
    "south_korea": 0.0,
    "haiti": 0.0,
    "brazil": 0.0535,
    "jordan": 0.0,
    "curacao": 0.0,
    "argentina": 0.2115,
    "germany": 0.0365,
    "colombia": 0.0235,
    "iran": 0.0,
    "portugal": 0.061,
    "ghana": 0.0015,
    "netherlands": 0.0505,
    "algeria": 0.0015,
    "bosnia_and_herzegovina": 0.0015,
    "united_states": 0.0215,
    "canada": 0.0015,
    "turkey": 0.0,
    "uruguay": 0.0,
    "mexico": 0.0115,
    "paraguay": 0.0005,
    "scotland": 0.0,
    "japan": 0.0115,
    "norway": 0.0205,
    "tunisia": 0.0,
    "ecuador": 0.0055,
    "uzbekistan": 0.0,
    "morocco": 0.0135,
    "panama": 0.0,
    "iraq": 0.0,
    "south_africa": 0.0005,
    "senegal": 0.0045000000000000005,
    "ivory_coast": 0.0025,
    "dr_congo": 0.0005,
    "cape_verde": 0.0005,
    "czech_republic": 0.0,
    "qatar": 0.0,
    "belgium": 0.0125,
    "australia": 0.0015,
    "saudi_arabia": 0.0,
    "austria": 0.0015,
    "croatia": 0.0035,
    "egypt": 0.0015,
    "sweden": 0.0015
  },
  "team_names": {
    "spain": "Spain",
    "new_zealand": "New Zealand",
    "switzerland": "Switzerland",
    "england": "England",
    "france": "France",
    "south_korea": "South Korea",
    "haiti": "Haiti",
    "brazil": "Brazil",
    "jordan": "Jordan",
    "curacao": "Curacao",
    "argentina": "Argentina",
    "germany": "Germany",
    "colombia": "Colombia",
    "iran": "Iran",
    "portugal": "Portugal",
    "ghana": "Ghana",
    "netherlands": "Netherlands",
    "algeria": "Algeria",
    "bosnia_and_herzegovina": "Bosnia and Herzegovina",
    "united_states": "United States",
    "canada": "Canada",
    "turkey": "Turkey",
    "uruguay": "Uruguay",
    "mexico": "Mexico",
    "paraguay": "Paraguay",
    "scotland": "Scotland",
    "japan": "Japan",
    "norway": "Norway",
    "tunisia": "Tunisia",
    "ecuador": "Ecuador",
    "uzbekistan": "Uzbekistan",
    "morocco": "Morocco",
    "panama": "Panama",
    "iraq": "Iraq",
    "south_africa": "South Africa",
    "senegal": "Senegal",
    "ivory_coast": "Ivory Coast",
    "dr_congo": "DR Congo",
    "cape_verde": "Cape Verde",
    "czech_republic": "Czech Republic",
    "qatar": "Qatar",
    "belgium": "Belgium",
    "australia": "Australia",
    "saudi_arabia": "Saudi Arabia",
    "austria": "Austria",
    "croatia": "Croatia",
    "egypt": "Egypt",
    "sweden": "Sweden"
  }
}