{
  "as_of": "2026-06-10",
  "source": "polymarket world-cup-winner, de-pathed via own bracket engine",
  "method": "depathed = market / (P_actual / mean P_random); baseline c_m=0, host OFF; 40 random draws x 1500 sims",
  "p_market": {
    "spain": 0.16961310173672056,
    "new_zealand": 0.00047827306774888634,
    "switzerland": 0.009934223413154392,
    "england": 0.10003132096873806,
    "france": 0.15392270384936357,
    "south_korea": 0.0023913653387444317,
    "haiti": 0.00047827306774888634,
    "brazil": 0.0852258949643735,
    "jordan": 0.00047827306774888634,
    "curacao": 0.00047827306774888634,
    "argentina": 0.09524691156510912,
    "germany": 0.04212532663403555,
    "colombia": 0.016361522400609035,
    "iran": 0.0014706896779472544,
    "portugal": 0.10168454212250017,
    "ghana": 0.001434819203246659,
    "netherlands": 0.0406618723514944,
    "algeria": 0.001449167393557343,
    "bosnia_and_herzegovina": 0.001434819203246659,
    "united_states": 0.011000280558224385,
    "canada": 0.0035940813921417933,
    "turkey": 0.01195682669372216,
    "uruguay": 0.010288988385705704,
    "mexico": 0.012604179421409886,
    "paraguay": 0.001434819203246659,
    "scotland": 0.0023913653387444317,
    "japan": 0.016985940460318472,
    "norway": 0.024338912989597002,
    "tunisia": 0.00047827306774888634,
    "ecuador": 0.007058469630986698,
    "uzbekistan": 0.00047827306774888634,
    "morocco": 0.01628582392287463,
    "panama": 0.00047827306774888634,
    "iraq": 0.00047827306774888634,
    "south_africa": 0.00047827306774888634,
    "senegal": 0.006244120675608631,
    "ivory_coast": 0.0043044576097399775,
    "dr_congo": 0.001434819203246659,
    "cape_verde": 0.00047827306774888634,
    "czech_republic": 0.001434819203246659,
    "qatar": 0.00047827306774888634,
    "belgium": 0.018215371460492652,
    "australia": 0.0013146948215968528,
    "saudi_arabia": 0.00047827306774888634,
    "austria": 0.005958275272353076,
    "croatia": 0.008686919307929641,
    "egypt": 0.0023913653387444317,
    "sweden": 0.0033479114742422044
  },
  "p_market_raw": {
    "spain": 0.16251198465963568,
    "new_zealand": 0.0004793863854266539,
    "switzerland": 0.01198465963566635,
    "england": 0.1040268456375839,
    "france": 0.15388302972195592,
    "south_korea": 0.0023969319271332696,
    "haiti": 0.0004793863854266539,
    "brazil": 0.08101629913710452,
    "jordan": 0.0004793863854266539,
    "curacao": 0.0004793863854266539,
    "argentina": 0.08964525407478428,
    "germany": 0.05033557046979866,
    "colombia": 0.017737296260786194,
    "iran": 0.0014381591562799617,
    "portugal": 0.1040268456375839,
    "ghana": 0.0014381591562799617,
    "netherlands": 0.03883029721955897,
    "algeria": 0.0014381591562799617,
    "bosnia_and_herzegovina": 0.0014381591562799617,
    "united_states": 0.01102588686481304,
    "canada": 0.0033557046979865775,
    "turkey": 0.01198465963566635,
    "uruguay": 0.010067114093959731,
    "mexico": 0.012943432406519656,
    "paraguay": 0.0014381591562799617,
    "scotland": 0.0023969319271332696,
    "japan": 0.01677852348993289,
    "norway": 0.023489932885906045,
    "tunisia": 0.0004793863854266539,
    "ecuador": 0.008149568552253118,
    "uzbekistan": 0.0004793863854266539,
    "morocco": 0.014860977948226271,
    "panama": 0.0004793863854266539,
    "iraq": 0.0004793863854266539,
    "south_africa": 0.0004793863854266539,
    "senegal": 0.007190795781399808,
    "ivory_coast": 0.004314477468839886,
    "dr_congo": 0.0014381591562799617,
    "cape_verde": 0.0004793863854266539,
    "czech_republic": 0.0014381591562799617,
    "qatar": 0.0004793863854266539,
    "belgium": 0.020613614573346116,
    "australia": 0.0014381591562799617,
    "saudi_arabia": 0.0004793863854266539,
    "austria": 0.004314477468839886,
    "croatia": 0.009108341323106424,
    "egypt": 0.0023969319271332696,
    "sweden": 0.0033557046979865775
  },
  "path_factor": {
    "spain": 0.9559,
    "new_zealand": 1.0,
    "switzerland": 1.2036,
    "england": 1.0375,
    "france": 0.9974,
    "south_korea": 1.0,
    "haiti": 1.0,
    "brazil": 0.9484,
    "jordan": 1.0,
    "curacao": 1.0,
    "argentina": 0.939,
    "germany": 1.1921,
    "colombia": 1.0816,
    "iran": 0.9756,
    "portugal": 1.0207,
    "ghana": 1.0,
    "netherlands": 0.9527,
    "algeria": 0.9901,
    "bosnia_and_herzegovina": 1.0,
    "united_states": 1.0,
    "canada": 0.9315,
    "turkey": 1.0,
    "uruguay": 0.9762,
    "mexico": 1.0245,
    "paraguay": 1.0,
    "scotland": 1.0,
    "japan": 0.9855,
    "norway": 0.9629,
    "tunisia": 1.0,
    "ecuador": 1.1519,
    "uzbekistan": 1.0,
    "morocco": 0.9104,
    "panama": 1.0,
    "iraq": 1.0,
    "south_africa": 1.0,
    "senegal": 1.1489,
    "ivory_coast": 1.0,
    "dr_congo": 1.0,
    "cape_verde": 1.0,
    "czech_republic": 1.0,
    "qatar": 1.0,
    "belgium": 1.129,
    "australia": 1.0914,
    "saudi_arabia": 1.0,
    "austria": 0.7224,
    "croatia": 1.0461,
    "egypt": 1.0,
    "sweden": 1.0
  },
  "p_actual": {
    "spain": 0.1355,
    "new_zealand": 0.0005,
    "switzerland": 0.01783,
    "england": 0.07833,
    "france": 0.07733,
    "south_korea": 0.00367,
    "haiti": 0.00033,
    "brazil": 0.0775,
    "jordan": 0.00017,
    "curacao": 0.0,
    "argentina": 0.1465,
    "germany": 0.0545,
    "colombia": 0.04,
    "iran": 0.00667,
    "portugal": 0.06917,
    "ghana": 0.00017,
    "netherlands": 0.04233,
    "algeria": 0.00833,
    "bosnia_and_herzegovina": 0.0,
    "united_states": 0.00483,
    "canada": 0.00567,
    "turkey": 0.00367,
    "uruguay": 0.01433,
    "mexico": 0.01183,
    "paraguay": 0.00233,
    "scotland": 0.002,
    "japan": 0.0385,
    "norway": 0.01383,
    "tunisia": 0.0005,
    "ecuador": 0.01517,
    "uzbekistan": 0.0,
    "morocco": 0.03183,
    "panama": 0.0,
    "iraq": 0.00033,
    "south_africa": 0.0,
    "senegal": 0.0135,
    "ivory_coast": 0.004,
    "dr_congo": 0.00083,
    "cape_verde": 0.00017,
    "czech_republic": 0.00083,
    "qatar": 0.0,
    "belgium": 0.0455,
    "australia": 0.00717,
    "saudi_arabia": 0.0,
    "austria": 0.00633,
    "croatia": 0.014,
    "egypt": 0.00267,
    "sweden": 0.00133
  },
  "p_neutral": {
    "spain": 0.14175,
    "new_zealand": 0.00015,
    "switzerland": 0.01482,
    "england": 0.0755,
    "france": 0.07753,
    "south_korea": 0.00367,
    "haiti": 0.00017,
    "brazil": 0.08172,
    "jordan": 5e-05,
    "curacao": 0.0,
    "argentina": 0.15602,
    "germany": 0.04572,
    "colombia": 0.03698,
    "iran": 0.00683,
    "portugal": 0.06777,
    "ghana": 8e-05,
    "netherlands": 0.04443,
    "algeria": 0.00842,
    "bosnia_and_herzegovina": 8e-05,
    "united_states": 0.00417,
    "canada": 0.00608,
    "turkey": 0.00453,
    "uruguay": 0.01468,
    "mexico": 0.01155,
    "paraguay": 0.00228,
    "scotland": 0.00127,
    "japan": 0.03907,
    "norway": 0.01437,
    "tunisia": 0.00057,
    "ecuador": 0.01317,
    "uzbekistan": 0.0009,
    "morocco": 0.03497,
    "panama": 0.00025,
    "iraq": 0.00017,
    "south_africa": 0.00013,
    "senegal": 0.01175,
    "ivory_coast": 0.00425,
    "dr_congo": 0.00087,
    "cape_verde": 0.0,
    "czech_republic": 0.00067,
    "qatar": 2e-05,
    "belgium": 0.0403,
    "australia": 0.00657,
    "saudi_arabia": 0.00012,
    "austria": 0.00877,
    "croatia": 0.01338,
    "egypt": 0.00225,
    "sweden": 0.00123
  },
  "team_names": {
    "spain": "Spain",
    "new_zealand": "New Zealand",
    "switzerland": "Switzerland",
    "england": "England",
    "france": "France",
    "south_korea": "South Korea",
    "haiti": "Haiti",
    "brazil": "Brazil",
    "jordan": "Jordan",
    "curacao": "Curacao",
    "argentina": "Argentina",
    "germany": "Germany",
    "colombia": "Colombia",
    "iran": "Iran",
    "portugal": "Portugal",
    "ghana": "Ghana",
    "netherlands": "Netherlands",
    "algeria": "Algeria",
    "bosnia_and_herzegovina": "Bosnia and Herzegovina",