{
  "as_of": "2026-06-10",
  "source": "polymarket world-cup-winner, de-pathed via own bracket engine",
  "method": "depathed = market / (P_actual / mean P_random); baseline c_m=0, host OFF; 40 random draws x 1500 sims",
  "p_market": {
    "spain": 0.1087771416958216,
    "new_zealand": 0.0,
    "switzerland": 0.00777934450545937,
    "england": 0.09737010103197377,
    "france": 0.22678056153163126,
    "south_korea": 0.0,
    "haiti": 0.0,
    "brazil": 0.05559863547108842,
    "jordan": 0.0,
    "curacao": 0.0,
    "argentina": 0.22199600173890838,
    "germany": 0.03017674075359021,
    "colombia": 0.021414864689344202,
    "iran": 0.0,
    "portugal": 0.05890477801692408,
    "ghana": 0.0014784024378324432,
    "netherlands": 0.052241930496189234,
    "algeria": 0.0014931864604366856,
    "bosnia_and_herzegovina": 0.0014784024378324432,
    "united_states": 0.021190434942265017,
    "canada": 0.0015871084802543509,
    "turkey": 0.0,
    "uruguay": 0.0,
    "mexico": 0.011063031223221156,
    "paraguay": 0.0004928008126108144,
    "scotland": 0.0,
    "japan": 0.011501245627473861,
    "norway": 0.02098381478620786,
    "tunisia": 0.0,
    "ecuador": 0.004705977037887792,
    "uzbekistan": 0.0,
    "morocco": 0.014615285210770887,
    "panama": 0.0,
    "iraq": 0.0,
    "south_africa": 0.0004928008126108144,
    "senegal": 0.0038602730747057663,
    "ivory_coast": 0.002464004063054072,
    "dr_congo": 0.0004928008126108144,
    "cape_verde": 0.0004928008126108144,
    "czech_republic": 0.0,
    "qatar": 0.0,
    "belgium": 0.010912018024470286,
    "australia": 0.0013546292277497101,
    "saudi_arabia": 0.0,
    "austria": 0.0020464201268915894,
    "croatia": 0.003297658781907384,
    "egypt": 0.0014784024378324432,
    "sweden": 0.0014784024378324432
  },
  "p_market_raw": {
    "spain": 0.10502737680438029,
    "new_zealand": 0.0,
    "switzerland": 0.009457441513190643,
    "england": 0.10204081632653061,
    "france": 0.22847187655550028,
    "south_korea": 0.0,
    "haiti": 0.0,
    "brazil": 0.053260328521652564,
    "jordan": 0.0,
    "curacao": 0.0,
    "argentina": 0.2105525136884022,
    "germany": 0.03633648581383773,
    "colombia": 0.0233947237431558,
    "iran": 0.0,
    "portugal": 0.06072672971627675,
    "ghana": 0.0014932802389248383,
    "netherlands": 0.050273768043802895,
    "algeria": 0.0014932802389248383,
    "bosnia_and_herzegovina": 0.0014932802389248383,
    "united_states": 0.021403683424589346,
    "canada": 0.0014932802389248383,
    "turkey": 0.0,
    "uruguay": 0.0,
    "mexico": 0.011448481831757094,
    "paraguay": 0.0004977600796416127,
    "scotland": 0.0,
    "japan": 0.011448481831757094,
    "norway": 0.020408163265306124,
    "tunisia": 0.0,
    "ecuador": 0.0054753608760577405,
    "uzbekistan": 0.0,
    "morocco": 0.013439522150323544,
    "panama": 0.0,
    "iraq": 0.0,
    "south_africa": 0.0004977600796416127,
    "senegal": 0.004479840716774515,
    "ivory_coast": 0.002488800398208064,
    "dr_congo": 0.0004977600796416127,
    "cape_verde": 0.0004977600796416127,
    "czech_republic": 0.0,
    "qatar": 0.0,
    "belgium": 0.01244400199104032,
    "australia": 0.0014932802389248383,
    "saudi_arabia": 0.0,
    "austria": 0.0014932802389248383,
    "croatia": 0.0034843205574912896,
    "egypt": 0.0014932802389248383,
    "sweden": 0.0014932802389248383
  },
  "path_factor": {
    "spain": 0.9559,
    "new_zealand": 1.0,
    "switzerland": 1.2036,
    "england": 1.0375,
    "france": 0.9974,
    "south_korea": 1.0,
    "haiti": 1.0,
    "brazil": 0.9484,
    "jordan": 1.0,
    "curacao": 1.0,
    "argentina": 0.939,
    "germany": 1.1921,
    "colombia": 1.0816,
    "iran": 0.9756,
    "portugal": 1.0207,
    "ghana": 1.0,
    "netherlands": 0.9527,
    "algeria": 0.9901,
    "bosnia_and_herzegovina": 1.0,
    "united_states": 1.0,
    "canada": 0.9315,
    "turkey": 1.0,
    "uruguay": 0.9762,
    "mexico": 1.0245,
    "paraguay": 1.0,
    "scotland": 1.0,
    "japan": 0.9855,
    "norway": 0.9629,
    "tunisia": 1.0,
    "ecuador": 1.1519,
    "uzbekistan": 1.0,
    "morocco": 0.9104,
    "panama": 1.0,
    "iraq": 1.0,
    "south_africa": 1.0,
    "senegal": 1.1489,
    "ivory_coast": 1.0,
    "dr_congo": 1.0,
    "cape_verde": 1.0,
    "czech_republic": 1.0,
    "qatar": 1.0,
    "belgium": 1.129,
    "australia": 1.0914,
    "saudi_arabia": 1.0,
    "austria": 0.7224,
    "croatia": 1.0461,
    "egypt": 1.0,
    "sweden": 1.0
  },
  "p_actual": {
    "spain": 0.1355,
    "new_zealand": 0.0005,
    "switzerland": 0.01783,
    "england": 0.07833,
    "france": 0.07733,
    "south_korea": 0.00367,
    "haiti": 0.00033,
    "brazil": 0.0775,
    "jordan": 0.00017,
    "curacao": 0.0,
    "argentina": 0.1465,
    "germany": 0.0545,
    "colombia": 0.04,
    "iran": 0.00667,
    "portugal": 0.06917,
    "ghana": 0.00017,
    "netherlands": 0.04233,
    "algeria": 0.00833,
    "bosnia_and_herzegovina": 0.0,
    "united_states": 0.00483,
    "canada": 0.00567,
    "turkey": 0.00367,
    "uruguay": 0.01433,
    "mexico": 0.01183,
    "paraguay": 0.00233,
    "scotland": 0.002,
    "japan": 0.0385,
    "norway": 0.01383,
    "tunisia": 0.0005,
    "ecuador": 0.01517,
    "uzbekistan": 0.0,
    "morocco": 0.03183,
    "panama": 0.0,
    "iraq": 0.00033,
    "south_africa": 0.0,
    "senegal": 0.0135,
    "ivory_coast": 0.004,
    "dr_congo": 0.00083,
    "cape_verde": 0.00017,
    "czech_republic": 0.00083,
    "qatar": 0.0,
    "belgium": 0.0455,
    "australia": 0.00717,
    "saudi_arabia": 0.0,
    "austria": 0.00633,
    "croatia": 0.014,
    "egypt": 0.00267,
    "sweden": 0.00133
  },
  "p_neutral": {
    "spain": 0.14175,
    "new_zealand": 0.00015,
    "switzerland": 0.01482,
    "england": 0.0755,
    "france": 0.07753,
    "south_korea": 0.00367,
    "haiti": 0.00017,
    "brazil": 0.08172,
    "jordan": 5e-05,
    "curacao": 0.0,
    "argentina": 0.15602,
    "germany": 0.04572,
    "colombia": 0.03698,
    "iran": 0.00683,
    "portugal": 0.06777,
    "ghana": 8e-05,
    "netherlands": 0.04443,
    "algeria": 0.00842,
    "bosnia_and_herzegovina": 8e-05,
    "united_states": 0.00417,
    "canada": 0.00608,
    "turkey": 0.00453,
    "uruguay": 0.01468,
    "mexico": 0.01155,
    "paraguay": 0.00228,
    "scotland": 0.00127,
    "japan": 0.03907,
    "norway": 0.01437,
    "tunisia": 0.00057,
    "ecuador": 0.01317,
    "uzbekistan": 0.0009,
    "morocco": 0.03497,
    "panama": 0.00025,
    "iraq": 0.00017,
    "south_africa": 0.00013,
    "senegal": 0.01175,
    "ivory_coast": 0.00425,
    "dr_congo": 0.00087,
    "cape_verde": 0.0,
    "czech_republic": 0.00067,
    "qatar": 2e-05,
    "belgium": 0.0403,
    "australia": 0.00657,
    "saudi_arabia": 0.00012,
    "austria": 0.00877,
    "croatia": 0.01338,
    "egypt": 0.00225,
    "sweden": 0.00123
  },
  "team_names": {
    "spain": "Spain",
    "new_zealand": "New Zealand",
    "switzerland": "Switzerland",
    "england": "England",
    "france": "France",
    "south_korea": "South Korea",
    "haiti": "Haiti",
    "brazil": "Brazil",
    "jordan": "Jordan",
    "curacao": "Curacao",
    "argentina": "Argentina",
    "germany": "Germany",
    "colombia": "Colombia",
    "iran": "Iran",
    "portugal": "Portugal",
    "ghana": "Ghana",
    "netherlands": "Netherlands",
    "algeria": "Algeria",
    "bosnia_and_herzegovina": "Bosnia and Herzegovina",
    "united_states": "United States",
    "canada": "Canada",
    "turkey": "Turkey",
    "uruguay": "Uruguay",
    "mexico": "Mexico",
    "paraguay": "Paraguay",
    "scotland": "Scotland",
    "japan": "Japan",
    "norway": "Norway",
    "tunisia": "Tunisia",
    "ecuador": "Ecuador",
    "uzbekistan": "Uzbekistan",
    "morocco": "Morocco",
    "panama": "Panama",
    "iraq": "Iraq",
    "south_africa": "South Africa",
    "senegal": "Senegal",
    "ivory_coast": "Ivory Coast",
    "dr_congo": "DR Congo",
    "cape_verde": "Cape Verde",
    "czech_republic": "Czech Republic",