{
  "as_of": "2026-06-10",
  "source": "polymarket world-cup-winner, de-pathed via own bracket engine",
  "method": "depathed = market / (P_actual / mean P_random); baseline c_m=0, host OFF; 40 random draws x 1500 sims",
  "p_market": {
    "spain": 0.1388942766263541,
    "new_zealand": 0.000486337693767598,
    "switzerland": 0.007677317831041496,
    "england": 0.1204679163260484,
    "france": 0.17992272608648413,
    "south_korea": 0.003404363856373186,
    "haiti": 0.000486337693767598,
    "brazil": 0.06820222011978462,
    "jordan": 0.000486337693767598,
    "curacao": 0.000486337693767598,
    "argentina": 0.12171361548621032,
    "germany": 0.04936297863718044,
    "colombia": 0.014838770989225947,
    "iran": 0.0004984961342880219,
    "portugal": 0.07004458128363962,
    "ghana": 0.001459013081302794,
    "netherlands": 0.04032658540189545,
    "algeria": 0.0004912010701216689,
    "bosnia_and_herzegovina": 0.000486337693767598,
    "united_states": 0.023830546994612303,
    "canada": 0.0036546846839910687,
    "turkey": 0.004377039243908383,
    "uruguay": 0.0054803471889114394,
    "mexico": 0.014715482671645718,
    "paraguay": 0.001459013081302794,
    "scotland": 0.001459013081302794,
    "japan": 0.015298373232300636,
    "norway": 0.025759491127753047,
    "tunisia": 0.000486337693767598,
    "ecuador": 0.0037998472937572957,
    "uzbekistan": 0.000486337693767598,
    "morocco": 0.028313001763648194,
    "panama": 0.000486337693767598,
    "iraq": 0.000486337693767598,
    "south_africa": 0.000486337693767598,
    "senegal": 0.004656233156514333,
    "ivory_coast": 0.004377039243908383,
    "dr_congo": 0.001459013081302794,
    "cape_verde": 0.000486337693767598,
    "czech_republic": 0.000486337693767598,
    "qatar": 0.000486337693767598,
    "belgium": 0.013353443572459016,
    "australia": 0.004010589497876483,
    "saudi_arabia": 0.000486337693767598,
    "austria": 0.006058743529983032,
    "croatia": 0.006043903811844201,
    "egypt": 0.00243168846883799,
    "sweden": 0.005349714631443578
  },
  "p_market_raw": {
    "spain": 0.1331707317073171,
    "new_zealand": 0.00048780487804878054,
    "switzerland": 0.00926829268292683,
    "england": 0.12536585365853659,
    "france": 0.18000000000000002,
    "south_korea": 0.003414634146341464,
    "haiti": 0.00048780487804878054,
    "brazil": 0.06487804878048782,
    "jordan": 0.00048780487804878054,
    "curacao": 0.00048780487804878054,
    "argentina": 0.11463414634146342,
    "germany": 0.05902439024390244,
    "colombia": 0.016097560975609757,
    "iran": 0.00048780487804878054,
    "portugal": 0.07170731707317074,
    "ghana": 0.0014634146341463417,
    "netherlands": 0.038536585365853665,
    "algeria": 0.00048780487804878054,
    "bosnia_and_herzegovina": 0.00048780487804878054,
    "united_states": 0.023902439024390248,
    "canada": 0.003414634146341464,
    "turkey": 0.004390243902439026,
    "uruguay": 0.005365853658536586,
    "mexico": 0.015121951219512196,
    "paraguay": 0.0014634146341463417,
    "scotland": 0.0014634146341463417,
    "japan": 0.015121951219512196,
    "norway": 0.02487804878048781,
    "tunisia": 0.00048780487804878054,
    "ecuador": 0.004390243902439026,
    "uzbekistan": 0.00048780487804878054,
    "morocco": 0.025853658536585368,
    "panama": 0.00048780487804878054,
    "iraq": 0.00048780487804878054,
    "south_africa": 0.00048780487804878054,
    "senegal": 0.005365853658536586,
    "ivory_coast": 0.004390243902439026,
    "dr_congo": 0.0014634146341463417,
    "cape_verde": 0.00048780487804878054,
    "czech_republic": 0.00048780487804878054,
    "qatar": 0.00048780487804878054,
    "belgium": 0.015121951219512196,
    "australia": 0.004390243902439026,
    "saudi_arabia": 0.00048780487804878054,
    "austria": 0.004390243902439026,
    "croatia": 0.006341463414634148,
    "egypt": 0.002439024390243903,
    "sweden": 0.005365853658536586
  },
  "path_factor": {
    "spain": 0.9559,
    "new_zealand": 1.0,
    "switzerland": 1.2036,
    "england": 1.0375,
    "france": 0.9974,
    "south_korea": 1.0,
    "haiti": 1.0,
    "brazil": 0.9484,
    "jordan": 1.0,
    "curacao": 1.0,
    "argentina": 0.939,
    "germany": 1.1921,
    "colombia": 1.0816,
    "iran": 0.9756,
    "portugal": 1.0207,
    "ghana": 1.0,
    "netherlands": 0.9527,
    "algeria": 0.9901,
    "bosnia_and_herzegovina": 1.0,
    "united_states": 1.0,
    "canada": 0.9315,
    "turkey": 1.0,
    "uruguay": 0.9762,
    "mexico": 1.0245,
    "paraguay": 1.0,
    "scotland": 1.0,
    "japan": 0.9855,
    "norway": 0.9629,
    "tunisia": 1.0,
    "ecuador": 1.1519,
    "uzbekistan": 1.0,
    "morocco": 0.9104,
    "panama": 1.0,
    "iraq": 1.0,
    "south_africa": 1.0,
    "senegal": 1.1489,
    "ivory_coast": 1.0,
    "dr_congo": 1.0,
    "cape_verde": 1.0,
    "czech_republic": 1.0,
    "qatar": 1.0,
    "belgium": 1.129,
    "australia": 1.0914,
    "saudi_arabia": 1.0,
    "austria": 0.7224,
    "croatia": 1.0461,
    "egypt": 1.0,
    "sweden": 1.0
  },
  "p_actual": {
    "spain": 0.1355,
    "new_zealand": 0.0005,
    "switzerland": 0.01783,
    "england": 0.07833,
    "france": 0.07733,
    "south_korea": 0.00367,
    "haiti": 0.00033,
    "brazil": 0.0775,
    "jordan": 0.00017,
    "curacao": 0.0,
    "argentina": 0.1465,
    "germany": 0.0545,
    "colombia": 0.04,
    "iran": 0.00667,
    "portugal": 0.06917,
    "ghana": 0.00017,
    "netherlands": 0.04233,
    "algeria": 0.00833,
    "bosnia_and_herzegovina": 0.0,
    "united_states": 0.00483,
    "canada": 0.00567,
    "turkey": 0.00367,
    "uruguay": 0.01433,
    "mexico": 0.01183,
    "paraguay": 0.00233,
    "scotland": 0.002,
    "japan": 0.0385,
    "norway": 0.01383,
    "tunisia": 0.0005,
    "ecuador": 0.01517,
    "uzbekistan": 0.0,
    "morocco": 0.03183,
    "panama": 0.0,
    "iraq": 0.00033,
    "south_africa": 0.0,
    "senegal": 0.0135,
    "ivory_coast": 0.004,
    "dr_congo": 0.00083,
    "cape_verde": 0.00017,
    "czech_republic": 0.00083,
    "qatar": 0.0,
    "belgium": 0.0455,
    "australia": 0.00717,
    "saudi_arabia": 0.0,
    "austria": 0.00633,
    "croatia": 0.014,
    "egypt": 0.00267,
    "sweden": 0.00133
  },
  "p_neutral": {
    "spain": 0.14175,
    "new_zealand": 0.00015,
    "switzerland": 0.01482,
    "england": 0.0755,
    "france": 0.07753,
    "south_korea": 0.00367,
    "haiti": 0.00017,
    "brazil": 0.08172,
    "jordan": 5e-05,
    "curacao": 0.0,
    "argentina": 0.15602,
    "germany": 0.04572,
    "colombia": 0.03698,
    "iran": 0.00683,
    "portugal": 0.06777,
    "ghana": 8e-05,
    "netherlands": 0.04443,
    "algeria": 0.00842,
    "bosnia_and_herzegovina": 8e-05,
    "united_states": 0.00417,
    "canada": 0.00608,
    "turkey": 0.00453,
    "uruguay": 0.01468,
    "mexico": 0.01155,
    "paraguay": 0.00228,
    "scotland": 0.00127,
    "japan": 0.03907,
    "norway": 0.01437,
    "tunisia": 0.00057,
    "ecuador": 0.01317,
    "uzbekistan": 0.0009,
    "morocco": 0.03497,
    "panama": 0.00025,
    "iraq": 0.00017,
    "south_africa": 0.00013,
    "senegal": 0.01175,
    "ivory_coast": 0.00425,
    "dr_congo": 0.00087,
    "cape_verde": 0.0,
    "czech_republic": 0.00067,
    "qatar": 2e-05,
    "belgium": 0.0403,
    "australia": 0.00657,
    "saudi_arabia": 0.00012,
    "austria": 0.00877,
    "croatia": 0.01338,
    "egypt": 0.00225,
    "sweden": 0.00123
  },
  "team_names": {
    "spain": "Spain",
    "new_zealand": "New Zealand",
    "switzerland": "Switzerland",
    "england": "England",
    "france": "France",
    "south_korea": "South Korea",
    "haiti": "Haiti",
    "brazil": "Brazil",
    "jordan": "Jordan",
    "curacao": "Curacao",
    "argentina": "Argentina",
    "germany": "Germany",
    "colombia": "Colombia",
    "iran": "Iran",
    "portugal": "Portugal",
    "ghana": "Ghana",
    "netherlands": "Netherlands",
    "algeria": "Algeria",
    "bosnia_and_herzegovina": "Bosnia and Herzegovina",
    "united_states": "United States",