{
  "as_of": "2026-06-24",
  "source": "polymarket world-cup-winner (normalized, not de-vigged)",
  "raw_price_sum": 1.0095,
  "n_teams_priced": 48,
  "p_market": {
    "spain": 0.13719663199603765,
    "new_zealand": 0.0004952947003467063,
    "switzerland": 0.006438831104507182,
    "england": 0.10648836057454185,
    "france": 0.18573551263001484,
    "south_korea": 0.0024764735017335313,
    "haiti": 0.0,
    "brazil": 0.05101535413571074,
    "jordan": 0.0,
    "curacao": 0.0004952947003467063,
    "argentina": 0.14512134720158493,
    "germany": 0.052996532937097565,
    "colombia": 0.01634472511144131,
    "iran": 0.0004952947003467063,
    "portugal": 0.0787518573551263,
    "ghana": 0.0014858841010401188,
    "netherlands": 0.052996532937097565,
    "algeria": 0.0004952947003467063,
    "bosnia_and_herzegovina": 0.0004952947003467063,
    "united_states": 0.03417533432392274,
    "canada": 0.003467062902426944,
    "turkey": 0.0,
    "uruguay": 0.0024764735017335313,
    "mexico": 0.012382367508667657,
    "paraguay": 0.0014858841010401188,
    "scotland": 0.0014858841010401188,
    "japan": 0.019316493313521543,
    "norway": 0.03021297672114908,
    "tunisia": 0.0,
    "ecuador": 0.0014858841010401188,
    "uzbekistan": 0.0004952947003467063,
    "morocco": 0.01634472511144131,
    "panama": 0.0,
    "iraq": 0.0004952947003467063,
    "south_africa": 0.0004952947003467063,
    "senegal": 0.0024764735017335313,
    "ivory_coast": 0.003467062902426944,
    "dr_congo": 0.0014858841010401188,
    "cape_verde": 0.0014858841010401188,
    "czech_republic": 0.0004952947003467063,
    "qatar": 0.0004952947003467063,
    "belgium": 0.011391778107974244,
    "australia": 0.0024764735017335313,
    "saudi_arabia": 0.0004952947003467063,
    "austria": 0.0024764735017335313,
    "croatia": 0.004457652303120357,
    "egypt": 0.0024764735017335313,
    "sweden": 0.0024764735017335313
  },
  "raw_price": {
    "spain": 0.1385,
    "new_zealand": 0.0005,
    "switzerland": 0.006500000000000001,
    "england": 0.1075,
    "france": 0.1875,
    "south_korea": 0.0025,
    "haiti": 0.0,
    "brazil": 0.0515,
    "jordan": 0.0,
    "curacao": 0.0005,
    "argentina": 0.1465,
    "germany": 0.0535,
    "colombia": 0.0165,
    "iran": 0.0005,
    "portugal": 0.0795,
    "ghana": 0.0015,
    "netherlands": 0.0535,
    "algeria": 0.0005,
    "bosnia_and_herzegovina": 0.0005,
    "united_states": 0.0345,
    "canada": 0.0035,
    "turkey": 0.0,
    "uruguay": 0.0025,
    "mexico": 0.0125,
    "paraguay": 0.0015,
    "scotland": 0.0015,
    "japan": 0.0195,
    "norway": 0.0305,
    "tunisia": 0.0,
    "ecuador": 0.0015,
    "uzbekistan": 0.0005,
    "morocco": 0.0165,
    "panama": 0.0,
    "iraq": 0.0005,
    "south_africa": 0.0005,
    "senegal": 0.0025,
    "ivory_coast": 0.0035,
    "dr_congo": 0.0015,
    "cape_verde": 0.0015,
    "czech_republic": 0.0005,
    "qatar": 0.0005,
    "belgium": 0.0115,
    "australia": 0.0025,
    "saudi_arabia": 0.0005,
    "austria": 0.0025,
    "croatia": 0.0045000000000000005,
    "egypt": 0.0025,
    "sweden": 0.0025
  },
  "team_names": {
    "spain": "Spain",
    "new_zealand": "New Zealand",
    "switzerland": "Switzerland",
    "england": "England",
    "france": "France",
    "south_korea": "South Korea",
    "haiti": "Haiti",
    "brazil": "Brazil",
    "jordan": "Jordan",
    "curacao": "Curacao",
    "argentina": "Argentina",
    "germany": "Germany",
    "colombia": "Colombia",
    "iran": "Iran",
    "portugal": "Portugal",
    "ghana": "Ghana",
    "netherlands": "Netherlands",
    "algeria": "Algeria",
    "bosnia_and_herzegovina": "Bosnia and Herzegovina",
    "united_states": "United States",
    "canada": "Canada",
    "turkey": "Turkey",
    "uruguay": "Uruguay",
    "mexico": "Mexico",
    "paraguay": "Paraguay",
    "scotland": "Scotland",
    "japan": "Japan",
    "norway": "Norway",
    "tunisia": "Tunisia",
    "ecuador": "Ecuador",
    "uzbekistan": "Uzbekistan",
    "morocco": "Morocco",
    "panama": "Panama",
    "iraq": "Iraq",
    "south_africa": "South Africa",
    "senegal": "Senegal",
    "ivory_coast": "Ivory Coast",
    "dr_congo": "DR Congo",
    "cape_verde": "Cape Verde",
    "czech_republic": "Czech Republic",
    "qatar": "Qatar",
    "belgium": "Belgium",
    "australia": "Australia",
    "saudi_arabia": "Saudi Arabia",
    "austria": "Austria",
    "croatia": "Croatia",
    "egypt": "Egypt",
    "sweden": "Sweden"
  }
}