{
  "as_of": "2026-06-10",
  "source": "polymarket world-cup-winner, de-pathed via own bracket engine",
  "method": "depathed = market / (P_actual / mean P_random); baseline c_m=0, host OFF; 40 random draws x 1500 sims",
  "p_market": {
    "spain": 0.14250528117415015,
    "new_zealand": 0.0004917760995646387,
    "switzerland": 0.005311641539771399,
    "england": 0.10190751753200862,
    "france": 0.18489297535816718,
    "south_korea": 0.002458880497823194,
    "haiti": 0.0,
    "brazil": 0.053408893784877697,
    "jordan": 0.0,
    "curacao": 0.0004917760995646387,
    "argentina": 0.15345053553692772,
    "germany": 0.04413968731105271,
    "colombia": 0.015004703548439281,
    "iran": 0.0005040705002095946,
    "portugal": 0.07660971031491637,
    "ghana": 0.001475328298693916,
    "netherlands": 0.05523032817220111,
    "algeria": 0.000496693859970154,
    "bosnia_and_herzegovina": 0.0004917760995646387,
    "united_states": 0.033932550869960075,
    "canada": 0.00369555270353074,
    "turkey": 0.0,
    "uruguay": 0.0025189229243949857,
    "mexico": 0.012000029496647531,
    "paraguay": 0.001475328298693916,
    "scotland": 0.001475328298693916,
    "japan": 0.019461560130243936,
    "norway": 0.03115490457580011,
    "tunisia": 0.0,
    "ecuador": 0.0012807795248803518,
    "uzbekistan": 0.0004917760995646387,
    "morocco": 0.017825982398647085,
    "panama": 0.0,
    "iraq": 0.0004917760995646387,
    "south_africa": 0.0004917760995646387,
    "senegal": 0.002140136753197501,
    "ivory_coast": 0.003442432696952471,
    "dr_congo": 0.001475328298693916,
    "cape_verde": 0.001475328298693916,
    "czech_republic": 0.0004917760995646387,
    "qatar": 0.0004917760995646387,
    "belgium": 0.010018181713827084,
    "australia": 0.0022530207639393546,
    "saudi_arabia": 0.0004917760995646387,
    "austria": 0.0034036081188719546,
    "croatia": 0.004231030813393917,
    "egypt": 0.002458880497823194,
    "sweden": 0.002458880497823194
  },
  "p_market_raw": {
    "spain": 0.13719663199603765,
    "new_zealand": 0.0004952947003467063,
    "switzerland": 0.006438831104507182,
    "england": 0.10648836057454185,
    "france": 0.18573551263001484,
    "south_korea": 0.0024764735017335313,
    "haiti": 0.0,
    "brazil": 0.05101535413571074,
    "jordan": 0.0,
    "curacao": 0.0004952947003467063,
    "argentina": 0.14512134720158493,
    "germany": 0.052996532937097565,
    "colombia": 0.01634472511144131,
    "iran": 0.0004952947003467063,
    "portugal": 0.0787518573551263,
    "ghana": 0.0014858841010401188,
    "netherlands": 0.052996532937097565,
    "algeria": 0.0004952947003467063,
    "bosnia_and_herzegovina": 0.0004952947003467063,
    "united_states": 0.03417533432392274,
    "canada": 0.003467062902426944,
    "turkey": 0.0,
    "uruguay": 0.0024764735017335313,
    "mexico": 0.012382367508667657,
    "paraguay": 0.0014858841010401188,
    "scotland": 0.0014858841010401188,
    "japan": 0.019316493313521543,
    "norway": 0.03021297672114908,
    "tunisia": 0.0,
    "ecuador": 0.0014858841010401188,
    "uzbekistan": 0.0004952947003467063,
    "morocco": 0.01634472511144131,
    "panama": 0.0,
    "iraq": 0.0004952947003467063,
    "south_africa": 0.0004952947003467063,
    "senegal": 0.0024764735017335313,
    "ivory_coast": 0.003467062902426944,
    "dr_congo": 0.0014858841010401188,
    "cape_verde": 0.0014858841010401188,
    "czech_republic": 0.0004952947003467063,
    "qatar": 0.0004952947003467063,
    "belgium": 0.011391778107974244,
    "australia": 0.0024764735017335313,
    "saudi_arabia": 0.0004952947003467063,
    "austria": 0.0024764735017335313,
    "croatia": 0.004457652303120357,
    "egypt": 0.0024764735017335313,
    "sweden": 0.0024764735017335313
  },
  "path_factor": {
    "spain": 0.9559,
    "new_zealand": 1.0,
    "switzerland": 1.2036,
    "england": 1.0375,
    "france": 0.9974,
    "south_korea": 1.0,
    "haiti": 1.0,
    "brazil": 0.9484,
    "jordan": 1.0,
    "curacao": 1.0,
    "argentina": 0.939,
    "germany": 1.1921,
    "colombia": 1.0816,
    "iran": 0.9756,
    "portugal": 1.0207,
    "ghana": 1.0,
    "netherlands": 0.9527,
    "algeria": 0.9901,
    "bosnia_and_herzegovina": 1.0,
    "united_states": 1.0,
    "canada": 0.9315,
    "turkey": 1.0,
    "uruguay": 0.9762,
    "mexico": 1.0245,
    "paraguay": 1.0,
    "scotland": 1.0,
    "japan": 0.9855,
    "norway": 0.9629,
    "tunisia": 1.0,
    "ecuador": 1.1519,
    "uzbekistan": 1.0,
    "morocco": 0.9104,
    "panama": 1.0,
    "iraq": 1.0,
    "south_africa": 1.0,
    "senegal": 1.1489,
    "ivory_coast": 1.0,
    "dr_congo": 1.0,
    "cape_verde": 1.0,
    "czech_republic": 1.0,
    "qatar": 1.0,
    "belgium": 1.129,
    "australia": 1.0914,
    "saudi_arabia": 1.0,
    "austria": 0.7224,
    "croatia": 1.0461,
    "egypt": 1.0,
    "sweden": 1.0
  },
  "p_actual": {
    "spain": 0.1355,
    "new_zealand": 0.0005,
    "switzerland": 0.01783,
    "england": 0.07833,
    "france": 0.07733,
    "south_korea": 0.00367,
    "haiti": 0.00033,
    "brazil": 0.0775,
    "jordan": 0.00017,
    "curacao": 0.0,
    "argentina": 0.1465,
    "germany": 0.0545,
    "colombia": 0.04,
    "iran": 0.00667,
    "portugal": 0.06917,
    "ghana": 0.00017,
    "netherlands": 0.04233,
    "algeria": 0.00833,
    "bosnia_and_herzegovina": 0.0,
    "united_states": 0.00483,
    "canada": 0.00567,
    "turkey": 0.00367,
    "uruguay": 0.01433,
    "mexico": 0.01183,
    "paraguay": 0.00233,
    "scotland": 0.002,
    "japan": 0.0385,
    "norway": 0.01383,
    "tunisia": 0.0005,
    "ecuador": 0.01517,
    "uzbekistan": 0.0,
    "morocco": 0.03183,
    "panama": 0.0,
    "iraq": 0.00033,
    "south_africa": 0.0,
    "senegal": 0.0135,
    "ivory_coast": 0.004,
    "dr_congo": 0.00083,
    "cape_verde": 0.00017,
    "czech_republic": 0.00083,
    "qatar": 0.0,
    "belgium": 0.0455,
    "australia": 0.00717,
    "saudi_arabia": 0.0,
    "austria": 0.00633,
    "croatia": 0.014,
    "egypt": 0.00267,
    "sweden": 0.00133
  },
  "p_neutral": {
    "spain": 0.14175,
    "new_zealand": 0.00015,
    "switzerland": 0.01482,
    "england": 0.0755,
    "france": 0.07753,
    "south_korea": 0.00367,
    "haiti": 0.00017,
    "brazil": 0.08172,
    "jordan": 5e-05,
    "curacao": 0.0,
    "argentina": 0.15602,
    "germany": 0.04572,
    "colombia": 0.03698,
    "iran": 0.00683,
    "portugal": 0.06777,
    "ghana": 8e-05,
    "netherlands": 0.04443,
    "algeria": 0.00842,
    "bosnia_and_herzegovina": 8e-05,
    "united_states": 0.00417,
    "canada": 0.00608,
    "turkey": 0.00453,
    "uruguay": 0.01468,
    "mexico": 0.01155,
    "paraguay": 0.00228,
    "scotland": 0.00127,
    "japan": 0.03907,
    "norway": 0.01437,
    "tunisia": 0.00057,
    "ecuador": 0.01317,
    "uzbekistan": 0.0009,
    "morocco": 0.03497,
    "panama": 0.00025,
    "iraq": 0.00017,
    "south_africa": 0.00013,
    "senegal": 0.01175,
    "ivory_coast": 0.00425,
    "dr_congo": 0.00087,
    "cape_verde": 0.0,
    "czech_republic": 0.00067,
    "qatar": 2e-05,
    "belgium": 0.0403,
    "australia": 0.00657,
    "saudi_arabia": 0.00012,
    "austria": 0.00877,
    "croatia": 0.01338,
    "egypt": 0.00225,
    "sweden": 0.00123
  },
  "team_names": {
    "spain": "Spain",
    "new_zealand": "New Zealand",
    "switzerland": "Switzerland",
    "england": "England",
    "france": "France",
    "south_korea": "South Korea",
    "haiti": "Haiti",
    "brazil": "Brazil",
    "jordan": "Jordan",
    "curacao": "Curacao",
    "argentina": "Argentina",
    "germany": "Germany",
    "colombia": "Colombia",
    "iran": "Iran",
    "portugal": "Portugal",
    "ghana": "Ghana",
    "netherlands": "Netherlands",
    "algeria": "Algeria",
    "bosnia_and_herzegovina": "Bosnia and Herzegovina",
    "united_states": "United States",
    "canada": "Canada",
    "turkey": "Turkey",
    "uruguay": "Uruguay",
    "mexico": "Mexico",
    "paraguay": "Paraguay",
    "scotland": "Scotland",
    "japan": "Japan",