{
  "as_of": "2026-06-04",
  "source": "polymarket world-cup-winner (normalized, not de-vigged)",
  "raw_price_sum": 1.032,
  "n_teams_priced": 48,
  "p_market": {
    "spain": 0.1564922480620155,
    "new_zealand": 0.00048449612403100775,
    "switzerland": 0.012112403100775194,
    "england": 0.10610465116279069,
    "france": 0.1564922480620155,
    "south_korea": 0.003391472868217054,
    "haiti": 0.00048449612403100775,
    "brazil": 0.0809108527131783,
    "jordan": 0.00048449612403100775,
    "curacao": 0.00048449612403100775,
    "argentina": 0.08575581395348837,
    "germany": 0.051841085271317824,
    "colombia": 0.0188953488372093,
    "iran": 0.0014534883720930232,
    "portugal": 0.09641472868217055,
    "ghana": 0.0014534883720930232,
    "netherlands": 0.03827519379844961,
    "algeria": 0.0014534883720930232,
    "bosnia_and_herzegovina": 0.0014534883720930232,
    "united_states": 0.011143410852713177,
    "canada": 0.003391472868217054,
    "turkey": 0.012112403100775194,
    "uruguay": 0.010174418604651162,
    "mexico": 0.014050387596899224,
    "paraguay": 0.0024224806201550387,
    "scotland": 0.0024224806201550387,
    "japan": 0.0188953488372093,
    "norway": 0.024709302325581398,
    "tunisia": 0.00048449612403100775,
    "ecuador": 0.008236434108527133,
    "uzbekistan": 0.00048449612403100775,
    "morocco": 0.017926356589147284,
    "panama": 0.00048449612403100775,
    "iraq": 0.00048449612403100775,
    "south_africa": 0.00048449612403100775,
    "senegal": 0.0062984496124031016,
    "ivory_coast": 0.004360465116279071,
    "dr_congo": 0.0014534883720930232,
    "cape_verde": 0.00048449612403100775,
    "czech_republic": 0.0024224806201550387,
    "qatar": 0.00048449612403100775,
    "belgium": 0.020833333333333332,
    "australia": 0.0014534883720930232,
    "saudi_arabia": 0.00048449612403100775,
    "austria": 0.004360465116279071,
    "croatia": 0.009205426356589146,
    "egypt": 0.0014534883720930232,
    "sweden": 0.004360465116279071
  },
  "raw_price": {
    "spain": 0.1615,
    "new_zealand": 0.0005,
    "switzerland": 0.0125,
    "england": 0.1095,
    "france": 0.1615,
    "south_korea": 0.0035,
    "haiti": 0.0005,
    "brazil": 0.0835,
    "jordan": 0.0005,
    "curacao": 0.0005,
    "argentina": 0.0885,
    "germany": 0.0535,
    "colombia": 0.0195,
    "iran": 0.0015,
    "portugal": 0.0995,
    "ghana": 0.0015,
    "netherlands": 0.0395,
    "algeria": 0.0015,
    "bosnia_and_herzegovina": 0.0015,
    "united_states": 0.0115,
    "canada": 0.0035,
    "turkey": 0.0125,
    "uruguay": 0.010499999999999999,
    "mexico": 0.014499999999999999,
    "paraguay": 0.0025,
    "scotland": 0.0025,
    "japan": 0.0195,
    "norway": 0.025500000000000002,
    "tunisia": 0.0005,
    "ecuador": 0.0085,
    "uzbekistan": 0.0005,
    "morocco": 0.0185,
    "panama": 0.0005,
    "iraq": 0.0005,
    "south_africa": 0.0005,
    "senegal": 0.006500000000000001,
    "ivory_coast": 0.0045000000000000005,
    "dr_congo": 0.0015,
    "cape_verde": 0.0005,
    "czech_republic": 0.0025,
    "qatar": 0.0005,
    "belgium": 0.0215,
    "australia": 0.0015,
    "saudi_arabia": 0.0005,
    "austria": 0.0045000000000000005,
    "croatia": 0.0095,
    "egypt": 0.0015,
    "sweden": 0.0045000000000000005
  },
  "team_names": {
    "spain": "Spain",
    "new_zealand": "New Zealand",
    "switzerland": "Switzerland",
    "england": "England",
    "france": "France",
    "south_korea": "South Korea",
    "haiti": "Haiti",
    "brazil": "Brazil",
    "jordan": "Jordan",
    "curacao": "Curacao",
    "argentina": "Argentina",
    "germany": "Germany",
    "colombia": "Colombia",
    "iran": "Iran",
    "portugal": "Portugal",
    "ghana": "Ghana",
    "netherlands": "Netherlands",
    "algeria": "Algeria",
    "bosnia_and_herzegovina": "Bosnia and Herzegovina",
    "united_states": "United States",
    "canada": "Canada",
    "turkey": "Turkey",
    "uruguay": "Uruguay",
    "mexico": "Mexico",
    "paraguay": "Paraguay",
    "scotland": "Scotland",
    "japan": "Japan",
    "norway": "Norway",
    "tunisia": "Tunisia",
    "ecuador": "Ecuador",
    "uzbekistan": "Uzbekistan",
    "morocco": "Morocco",
    "panama": "Panama",
    "iraq": "Iraq",
    "south_africa": "South Africa",
    "senegal": "Senegal",
    "ivory_coast": "Ivory Coast",
    "dr_congo": "DR Congo",
    "cape_verde": "Cape Verde",
    "czech_republic": "Czech Republic",
    "qatar": "Qatar",
    "belgium": "Belgium",
    "australia": "Australia",
    "saudi_arabia": "Saudi Arabia",
    "austria": "Austria",
    "croatia": "Croatia",
    "egypt": "Egypt",
    "sweden": "Sweden"
  }
}