{
  "as_of": "2026-06-10",
  "source": "polymarket world-cup-winner, de-pathed via own bracket engine",
  "method": "depathed = market / (P_actual / mean P_random); baseline c_m=0, host OFF; 40 random draws x 1500 sims",
  "p_market": {
    "spain": 0.15300848760594685,
    "new_zealand": 0.00048160566268678226,
    "switzerland": 0.010321791365933723,
    "england": 0.09994909080222983,
    "france": 0.16524568899734932,
    "south_korea": 0.003371239638807476,
    "haiti": 0.00048160566268678226,
    "brazil": 0.08647399708279685,
    "jordan": 0.00048160566268678226,
    "curacao": 0.00048160566268678226,
    "argentina": 0.08749708476870825,
    "germany": 0.046131667883956305,
    "colombia": 0.018335034997783318,
    "iran": 0.0014985776126727381,
    "portugal": 0.09649886513337495,
    "ghana": 0.0014448169880603469,
    "netherlands": 0.041366472599652815,
    "algeria": 0.001513916921954546,
    "bosnia_and_herzegovina": 0.0014448169880603469,
    "united_states": 0.011362786450773394,
    "canada": 0.002669471473394675,
    "turkey": 0.015301012426393599,
    "uruguay": 0.009546112277293003,
    "mexico": 0.011103418767979671,
    "paraguay": 0.002408028313433911,
    "scotland": 0.002408028313433911,
    "japan": 0.019773265379028966,
    "norway": 0.023806138422331726,
    "tunisia": 0.00048160566268678226,
    "ecuador": 0.0068011303466054785,
    "uzbekistan": 0.00048160566268678226,
    "morocco": 0.019572915187432587,
    "panama": 0.00048160566268678226,
    "iraq": 0.00048160566268678226,
    "south_africa": 0.00048160566268678226,
    "senegal": 0.006534786815037786,
    "ivory_coast": 0.0043344509641810415,
    "dr_congo": 0.0014448169880603469,
    "cape_verde": 0.00048160566268678226,
    "czech_republic": 0.002408028313433911,
    "qatar": 0.00048160566268678226,
    "belgium": 0.019137506185690666,
    "australia": 0.0014179366757541513,
    "saudi_arabia": 0.00048160566268678226,
    "austria": 0.004277203505097231,
    "croatia": 0.010032877902873553,
    "egypt": 0.0014448169880603469,
    "sweden": 0.0043344509641810415
  },
  "p_market_raw": {
    "spain": 0.1564922480620155,
    "new_zealand": 0.00048449612403100775,
    "switzerland": 0.012112403100775194,
    "england": 0.10610465116279069,
    "france": 0.1564922480620155,
    "south_korea": 0.003391472868217054,
    "haiti": 0.00048449612403100775,
    "brazil": 0.0809108527131783,
    "jordan": 0.00048449612403100775,
    "curacao": 0.00048449612403100775,
    "argentina": 0.08575581395348837,
    "germany": 0.051841085271317824,
    "colombia": 0.0188953488372093,
    "iran": 0.0014534883720930232,
    "portugal": 0.09641472868217055,
    "ghana": 0.0014534883720930232,
    "netherlands": 0.03827519379844961,
    "algeria": 0.0014534883720930232,
    "bosnia_and_herzegovina": 0.0014534883720930232,
    "united_states": 0.011143410852713177,
    "canada": 0.003391472868217054,
    "turkey": 0.012112403100775194,
    "uruguay": 0.010174418604651162,
    "mexico": 0.014050387596899224,
    "paraguay": 0.0024224806201550387,
    "scotland": 0.0024224806201550387,
    "japan": 0.0188953488372093,
    "norway": 0.024709302325581398,
    "tunisia": 0.00048449612403100775,
    "ecuador": 0.008236434108527133,
    "uzbekistan": 0.00048449612403100775,
    "morocco": 0.017926356589147284,
    "panama": 0.00048449612403100775,
    "iraq": 0.00048449612403100775,
    "south_africa": 0.00048449612403100775,
    "senegal": 0.0062984496124031016,
    "ivory_coast": 0.004360465116279071,
    "dr_congo": 0.0014534883720930232,
    "cape_verde": 0.00048449612403100775,
    "czech_republic": 0.0024224806201550387,
    "qatar": 0.00048449612403100775,
    "belgium": 0.020833333333333332,
    "australia": 0.0014534883720930232,
    "saudi_arabia": 0.00048449612403100775,
    "austria": 0.004360465116279071,
    "croatia": 0.009205426356589146,
    "egypt": 0.0014534883720930232,
    "sweden": 0.004360465116279071
  },
  "path_factor": {
    "spain": 1.0167,
    "new_zealand": 1.0,
    "switzerland": 1.1665,
    "england": 1.0553,
    "france": 0.9414,
    "south_korea": 1.0,
    "haiti": 1.0,
    "brazil": 0.9301,
    "jordan": 1.0,
    "curacao": 1.0,
    "argentina": 0.9743,
    "germany": 1.1171,
    "colombia": 1.0244,
    "iran": 0.9641,
    "portugal": 0.9932,
    "ghana": 1.0,
    "netherlands": 0.9198,
    "algeria": 0.9544,
    "bosnia_and_herzegovina": 1.0,
    "united_states": 0.9748,
    "canada": 1.2629,
    "turkey": 0.7869,
    "uruguay": 1.0595,
    "mexico": 1.2579,
    "paraguay": 1.0,
    "scotland": 1.0,
    "japan": 0.9499,
    "norway": 1.0317,
    "tunisia": 1.0,
    "ecuador": 1.2038,
    "uzbekistan": 1.0,
    "morocco": 0.9104,
    "panama": 1.0,
    "iraq": 1.0,
    "south_africa": 1.0,
    "senegal": 0.9581,
    "ivory_coast": 1.0,
    "dr_congo": 1.0,
    "cape_verde": 1.0,
    "czech_republic": 1.0,
    "qatar": 1.0,
    "belgium": 1.0821,
    "australia": 1.019,
    "saudi_arabia": 1.0,
    "austria": 1.0134,
    "croatia": 0.9121,
    "egypt": 1.0,
    "sweden": 1.0
  },
  "p_actual": {
    "spain": 0.14233,
    "new_zealand": 0.00033,
    "switzerland": 0.01717,
    "england": 0.07767,
    "france": 0.07333,
    "south_korea": 0.00317,
    "haiti": 0.00017,
    "brazil": 0.07317,
    "jordan": 0.00017,
    "curacao": 0.0,
    "argentina": 0.14,
    "germany": 0.05217,
    "colombia": 0.03917,
    "iran": 0.00717,
    "portugal": 0.06783,
    "ghana": 0.0,
    "netherlands": 0.04183,
    "algeria": 0.00767,
    "bosnia_and_herzegovina": 0.0,
    "united_states": 0.00517,
    "canada": 0.00817,
    "turkey": 0.004,
    "uruguay": 0.01633,
    "mexico": 0.01333,
    "paraguay": 0.00233,
    "scotland": 0.0015,
    "japan": 0.0395,
    "norway": 0.01517,
    "tunisia": 0.00067,
    "ecuador": 0.01683,
    "uzbekistan": 0.00133,
    "morocco": 0.03133,
    "panama": 0.00083,
    "iraq": 0.00033,
    "south_africa": 0.0,
    "senegal": 0.01333,
    "ivory_coast": 0.00417,
    "dr_congo": 0.00083,
    "cape_verde": 0.0,
    "czech_republic": 0.00133,
    "qatar": 0.0,
    "belgium": 0.047,
    "australia": 0.00717,
    "saudi_arabia": 0.00017,
    "austria": 0.00883,
    "croatia": 0.014,
    "egypt": 0.00117,
    "sweden": 0.00183
  },
  "p_neutral": {
    "spain": 0.14,
    "new_zealand": 0.0002,
    "switzerland": 0.01472,
    "england": 0.0736,
    "france": 0.0779,
    "south_korea": 0.00447,
    "haiti": 0.00018,
    "brazil": 0.07867,
    "jordan": 0.00022,
    "curacao": 0.0,
    "argentina": 0.1437,
    "germany": 0.0467,
    "colombia": 0.03823,
    "iran": 0.00743,
    "portugal": 0.0683,
    "ghana": 8e-05,
    "netherlands": 0.04548,
    "algeria": 0.00803,
    "bosnia_and_herzegovina": 7e-05,
    "united_states": 0.0053,
    "canada": 0.00647,
    "turkey": 0.00508,
    "uruguay": 0.01542,
    "mexico": 0.0106,
    "paraguay": 0.00215,
    "scotland": 0.00142,
    "japan": 0.04158,
    "norway": 0.0147,
    "tunisia": 0.00062,
    "ecuador": 0.01398,
    "uzbekistan": 0.00112,
    "morocco": 0.03442,
    "panama": 0.00022,
    "iraq": 0.0002,
    "south_africa": 0.00015,
    "senegal": 0.01392,
    "ivory_coast": 0.004,
    "dr_congo": 0.00085,
    "cape_verde": 5e-05,
    "czech_republic": 0.00105,
    "qatar": 2e-05,
    "belgium": 0.04343,
    "australia": 0.00703,
    "saudi_arabia": 8e-05,
    "austria": 0.00872,
    "croatia": 0.01535,
    "egypt": 0.00262,
    "sweden": 0.00148
  },
  "team_names": {
    "spain": "Spain",
    "new_zealand": "New Zealand",
    "switzerland": "Switzerland",
    "england": "England",
    "france": "France",
    "south_korea": "South Korea",
    "haiti": "Haiti",
    "brazil": "Brazil",
    "jordan": "Jordan",
    "curacao": "Curacao",
    "argentina": "Argentina",
    "germany": "Germany",
    "colombia": "Colombia",
    "iran": "Iran",
    "portugal": "Portugal",
    "ghana": "Ghana",
    "netherlands": "Netherlands",
    "algeria": "Algeria",
    "bosnia_and_herzegovina": "Bosnia and Herzegovina",