{
  "as_of": "2026-06-10",
  "source": "polymarket world-cup-winner, de-pathed via own bracket engine",
  "method": "depathed = market / (P_actual / mean P_random); baseline c_m=0, host OFF; 40 random draws x 1500 sims | floor=0.5%/clip[0.5,2.0] on path factor",
  "p_market": {
    "spain": 0.15543441107913689,
    "new_zealand": 0.0004941097503494881,
    "switzerland": 0.00745344743691598,
    "england": 0.10916529297661148,
    "france": 0.15981125913750024,
    "south_korea": 0.0032170453178637973,
    "haiti": 0.0004941097503494881,
    "brazil": 0.08700979168660748,
    "jordan": 0.0004941097503494881,
    "curacao": 0.0004941097503494881,
    "argentina": 0.09223965848531768,
    "germany": 0.04737129010769397,
    "colombia": 0.01664487155651408,
    "iran": 0.0012167452823676115,
    "portugal": 0.09037865512920326,
    "ghana": 0.0024705487517474403,
    "netherlands": 0.03831671270556588,
    "algeria": 0.0017326287023888332,
    "bosnia_and_herzegovina": 0.0024705487517474403,
    "united_states": 0.013001015423897496,
    "canada": 0.0035226224257447853,
    "turkey": 0.013835073009785665,
    "uruguay": 0.012559143968452828,
    "mexico": 0.0082658130151315,
    "paraguay": 0.0024705487517474403,
    "scotland": 0.0024705487517474403,
    "japan": 0.0226514731396245,
    "norway": 0.021968211809631943,
    "tunisia": 0.0004941097503494881,
    "ecuador": 0.007070814613656834,
    "uzbekistan": 0.0004941097503494881,
    "morocco": 0.01677027233772819,
    "panama": 0.0004941097503494881,
    "iraq": 0.0004941097503494881,
    "south_africa": 0.0004941097503494881,
    "senegal": 0.005548215394249633,
    "ivory_coast": 0.0034587682524464163,
    "dr_congo": 0.0004941097503494881,
    "cape_verde": 0.0004941097503494881,
    "czech_republic": 0.0024705487517474403,
    "qatar": 0.0004941097503494881,
    "belgium": 0.017178078472855022,
    "australia": 0.0016398267142851805,
    "saudi_arabia": 0.0004941097503494881,
    "austria": 0.007739734668568897,
    "croatia": 0.008117200631381586,
    "egypt": 0.0024705487517474403,
    "sweden": 0.005435207253844368
  },
  "p_market_raw": {
    "spain": 0.15553388590931252,
    "new_zealand": 0.00048756704046806434,
    "switzerland": 0.009263773768893221,
    "england": 0.11165285226718673,
    "france": 0.16333495855680155,
    "south_korea": 0.0024378352023403218,
    "haiti": 0.00048756704046806434,
    "brazil": 0.08142369575816674,
    "jordan": 0.00048756704046806434,
    "curacao": 0.00048756704046806434,
    "argentina": 0.08727450024378351,
    "germany": 0.052169673330082884,
    "colombia": 0.017064846416382253,
    "iran": 0.001462701121404193,
    "portugal": 0.09117503656752803,
    "ghana": 0.0024378352023403218,
    "netherlands": 0.03851779619697708,
    "algeria": 0.001462701121404193,
    "bosnia_and_herzegovina": 0.0024378352023403218,
    "united_states": 0.01121404193076548,
    "canada": 0.00341296928327645,
    "turkey": 0.0136518771331058,
    "uruguay": 0.01121404193076548,
    "mexico": 0.01121404193076548,
    "paraguay": 0.0024378352023403218,
    "scotland": 0.0024378352023403218,
    "japan": 0.018039980497318378,
    "norway": 0.024865919063871283,
    "tunisia": 0.00048756704046806434,
    "ecuador": 0.008288639687957094,
    "uzbekistan": 0.00048756704046806434,
    "morocco": 0.015114578254509995,
    "panama": 0.00048756704046806434,
    "iraq": 0.00048756704046806434,
    "south_africa": 0.00048756704046806434,
    "senegal": 0.006338371526084837,
    "ivory_coast": 0.00341296928327645,
    "dr_congo": 0.00048756704046806434,
    "cape_verde": 0.00048756704046806434,
    "czech_republic": 0.0024378352023403218,
    "qatar": 0.00048756704046806434,
    "belgium": 0.01901511457825451,
    "australia": 0.001462701121404193,
    "saudi_arabia": 0.00048756704046806434,
    "austria": 0.005363237445148707,
    "croatia": 0.008288639687957094,
    "egypt": 0.0024378352023403218,
    "sweden": 0.005363237445148707
  },
  "path_factor": {
    "spain": 1.0141,
    "new_zealand": 1.0,
    "switzerland": 1.2596,
    "england": 1.0365,
    "france": 1.0358,
    "south_korea": 0.768,
    "haiti": 1.0,
    "brazil": 0.9484,
    "jordan": 1.0,
    "curacao": 1.0,
    "argentina": 0.9589,
    "germany": 1.1161,
    "colombia": 1.039,
    "iran": 1.2183,
    "portugal": 1.0223,
    "ghana": 1.0,
    "netherlands": 1.0187,
    "algeria": 0.8555,
    "bosnia_and_herzegovina": 1.0,
    "united_states": 0.8741,
    "canada": 0.9819,
    "turkey": 1.0,
    "uruguay": 0.9049,
    "mexico": 1.3749,
    "paraguay": 1.0,
    "scotland": 1.0,
    "japan": 0.8071,
    "norway": 1.1471,
    "tunisia": 1.0,
    "ecuador": 1.188,
    "uzbekistan": 1.0,
    "morocco": 0.9134,
    "panama": 1.0,
    "iraq": 1.0,
    "south_africa": 1.0,
    "senegal": 1.1577,
    "ivory_coast": 1.0,
    "dr_congo": 1.0,
    "cape_verde": 1.0,
    "czech_republic": 1.0,
    "qatar": 1.0,
    "belgium": 1.1218,
    "australia": 0.904,
    "saudi_arabia": 1.0,
    "austria": 0.7022,
    "croatia": 1.0348,
    "egypt": 1.0,
    "sweden": 1.0
  },
  "p_actual": {
    "spain": 0.14417,
    "new_zealand": 0.0,
    "switzerland": 0.01383,
    "england": 0.0775,
    "france": 0.08167,
    "south_korea": 0.00417,
    "haiti": 0.0,
    "brazil": 0.101,
    "jordan": 0.0,
    "curacao": 0.0,
    "argentina": 0.145,
    "germany": 0.045,
    "colombia": 0.04317,
    "iran": 0.012,
    "portugal": 0.06633,
    "ghana": 0.00033,
    "netherlands": 0.04567,
    "algeria": 0.00533,
    "bosnia_and_herzegovina": 0.0,
    "united_states": 0.005,
    "canada": 0.0065,
    "turkey": 0.00217,
    "uruguay": 0.01817,
    "mexico": 0.01467,
    "paraguay": 0.0015,
    "scotland": 0.00133,
    "japan": 0.03,
    "norway": 0.00967,
    "tunisia": 0.00067,
    "ecuador": 0.01283,
    "uzbekistan": 0.00117,
    "morocco": 0.02583,
    "panama": 0.0005,
    "iraq": 0.0,
    "south_africa": 0.0,
    "senegal": 0.01233,
    "ivory_coast": 0.00383,
    "dr_congo": 0.00033,
    "cape_verde": 0.0,
    "czech_republic": 0.002,
    "qatar": 0.0,
    "belgium": 0.0315,
    "australia": 0.008,
    "saudi_arabia": 0.0,
    "austria": 0.005,
    "croatia": 0.01783,
    "egypt": 0.00267,
    "sweden": 0.00133
  },
  "p_neutral": {
    "spain": 0.14217,
    "new_zealand": 0.00047,
    "switzerland": 0.01098,
    "england": 0.07477,
    "france": 0.07885,
    "south_korea": 0.00543,
    "haiti": 0.00015,
    "brazil": 0.1065,
    "jordan": 0.00035,
    "curacao": 0.0,
    "argentina": 0.15122,
    "germany": 0.04032,
    "colombia": 0.04155,
    "iran": 0.00985,
    "portugal": 0.06488,
    "ghana": 0.00013,
    "netherlands": 0.04483,
    "algeria": 0.00623,
    "bosnia_and_herzegovina": 0.00012,
    "united_states": 0.00572,
    "canada": 0.00662,
    "turkey": 0.00362,
    "uruguay": 0.02008,
    "mexico": 0.01067,
    "paraguay": 0.00192,
    "scotland": 0.00128,
    "japan": 0.03717,
    "norway": 0.00843,
    "tunisia": 0.00135,
    "ecuador": 0.0108,
    "uzbekistan": 0.00187,
    "morocco": 0.02828,
    "panama": 0.00023,
    "iraq": 0.00033,
    "south_africa": 0.00013,
    "senegal": 0.01065,
    "ivory_coast": 0.0035,
    "dr_congo": 0.00095,
    "cape_verde": 0.00012,
    "czech_republic": 0.00103,
    "qatar": 7e-05,
    "belgium": 0.02808,
    "australia": 0.00885,
    "saudi_arabia": 0.00018,
    "austria": 0.00712,
    "croatia": 0.01723,
    "egypt": 0.00293,
    "sweden": 0.00198
  },
  "team_names": {
    "spain": "Spain",
    "new_zealand": "New Zealand",
    "switzerland": "Switzerland",
    "england": "England",
    "france": "France",
    "south_korea": "South Korea",
    "haiti": "Haiti",
    "brazil": "Brazil",
    "jordan": "Jordan",
    "curacao": "Curacao",
    "argentina": "Argentina",
    "germany": "Germany",
    "colombia": "Colombia",
    "iran": "Iran",
    "portugal": "Portugal",
    "ghana": "Ghana",
    "netherlands": "Netherlands",
    "algeria": "Algeria",