{
  "as_of": "2026-06-04",
  "source": "polymarket world-cup-winner (normalized, not de-vigged)",
  "raw_price_sum": 1.0255,
  "n_teams_priced": 48,
  "p_market": {
    "spain": 0.15553388590931252,
    "new_zealand": 0.00048756704046806434,
    "switzerland": 0.009263773768893221,
    "england": 0.11165285226718673,
    "france": 0.16333495855680155,
    "south_korea": 0.0024378352023403218,
    "haiti": 0.00048756704046806434,
    "brazil": 0.08142369575816674,
    "jordan": 0.00048756704046806434,
    "curacao": 0.00048756704046806434,
    "argentina": 0.08727450024378351,
    "germany": 0.052169673330082884,
    "colombia": 0.017064846416382253,
    "iran": 0.001462701121404193,
    "portugal": 0.09117503656752803,
    "ghana": 0.0024378352023403218,
    "netherlands": 0.03851779619697708,
    "algeria": 0.001462701121404193,
    "bosnia_and_herzegovina": 0.0024378352023403218,
    "united_states": 0.01121404193076548,
    "canada": 0.00341296928327645,
    "turkey": 0.0136518771331058,
    "uruguay": 0.01121404193076548,
    "mexico": 0.01121404193076548,
    "paraguay": 0.0024378352023403218,
    "scotland": 0.0024378352023403218,
    "japan": 0.018039980497318378,
    "norway": 0.024865919063871283,
    "tunisia": 0.00048756704046806434,
    "ecuador": 0.008288639687957094,
    "uzbekistan": 0.00048756704046806434,
    "morocco": 0.015114578254509995,
    "panama": 0.00048756704046806434,
    "iraq": 0.00048756704046806434,
    "south_africa": 0.00048756704046806434,
    "senegal": 0.006338371526084837,
    "ivory_coast": 0.00341296928327645,
    "dr_congo": 0.00048756704046806434,
    "cape_verde": 0.00048756704046806434,
    "czech_republic": 0.0024378352023403218,
    "qatar": 0.00048756704046806434,
    "belgium": 0.01901511457825451,
    "australia": 0.001462701121404193,
    "saudi_arabia": 0.00048756704046806434,
    "austria": 0.005363237445148707,
    "croatia": 0.008288639687957094,
    "egypt": 0.0024378352023403218,
    "sweden": 0.005363237445148707
  },
  "raw_price": {
    "spain": 0.1595,
    "new_zealand": 0.0005,
    "switzerland": 0.0095,
    "england": 0.1145,
    "france": 0.1675,
    "south_korea": 0.0025,
    "haiti": 0.0005,
    "brazil": 0.0835,
    "jordan": 0.0005,
    "curacao": 0.0005,
    "argentina": 0.0895,
    "germany": 0.0535,
    "colombia": 0.0175,
    "iran": 0.0015,
    "portugal": 0.0935,
    "ghana": 0.0025,
    "netherlands": 0.0395,
    "algeria": 0.0015,
    "bosnia_and_herzegovina": 0.0025,
    "united_states": 0.0115,
    "canada": 0.0035,
    "turkey": 0.013999999999999999,
    "uruguay": 0.0115,
    "mexico": 0.0115,
    "paraguay": 0.0025,
    "scotland": 0.0025,
    "japan": 0.0185,
    "norway": 0.025500000000000002,
    "tunisia": 0.0005,
    "ecuador": 0.0085,
    "uzbekistan": 0.0005,
    "morocco": 0.0155,
    "panama": 0.0005,
    "iraq": 0.0005,
    "south_africa": 0.0005,
    "senegal": 0.006500000000000001,
    "ivory_coast": 0.0035,
    "dr_congo": 0.0005,
    "cape_verde": 0.0005,
    "czech_republic": 0.0025,
    "qatar": 0.0005,
    "belgium": 0.0195,
    "australia": 0.0015,
    "saudi_arabia": 0.0005,
    "austria": 0.0055,
    "croatia": 0.0085,
    "egypt": 0.0025,
    "sweden": 0.0055
  },
  "team_names": {
    "spain": "Spain",
    "new_zealand": "New Zealand",
    "switzerland": "Switzerland",
    "england": "England",
    "france": "France",
    "south_korea": "South Korea",
    "haiti": "Haiti",
    "brazil": "Brazil",
    "jordan": "Jordan",
    "curacao": "Curacao",
    "argentina": "Argentina",
    "germany": "Germany",
    "colombia": "Colombia",
    "iran": "Iran",
    "portugal": "Portugal",
    "ghana": "Ghana",
    "netherlands": "Netherlands",
    "algeria": "Algeria",
    "bosnia_and_herzegovina": "Bosnia and Herzegovina",
    "united_states": "United States",
    "canada": "Canada",
    "turkey": "Turkey",
    "uruguay": "Uruguay",
    "mexico": "Mexico",
    "paraguay": "Paraguay",
    "scotland": "Scotland",
    "japan": "Japan",
    "norway": "Norway",
    "tunisia": "Tunisia",
    "ecuador": "Ecuador",
    "uzbekistan": "Uzbekistan",
    "morocco": "Morocco",
    "panama": "Panama",
    "iraq": "Iraq",
    "south_africa": "South Africa",
    "senegal": "Senegal",
    "ivory_coast": "Ivory Coast",
    "dr_congo": "DR Congo",
    "cape_verde": "Cape Verde",
    "czech_republic": "Czech Republic",
    "qatar": "Qatar",
    "belgium": "Belgium",
    "australia": "Australia",
    "saudi_arabia": "Saudi Arabia",
    "austria": "Austria",
    "croatia": "Croatia",
    "egypt": "Egypt",
    "sweden": "Sweden"
  }
}