{
  "as_of": "2026-06-04",
  "source": "polymarket world-cup-winner (normalized, not de-vigged)",
  "raw_price_sum": 1.043,
  "n_teams_priced": 48,
  "p_market": {
    "spain": 0.16251198465963568,
    "new_zealand": 0.0004793863854266539,
    "switzerland": 0.01198465963566635,
    "england": 0.1040268456375839,
    "france": 0.15388302972195592,
    "south_korea": 0.0023969319271332696,
    "haiti": 0.0004793863854266539,
    "brazil": 0.08101629913710452,
    "jordan": 0.0004793863854266539,
    "curacao": 0.0004793863854266539,
    "argentina": 0.08964525407478428,
    "germany": 0.05033557046979866,
    "colombia": 0.017737296260786194,
    "iran": 0.0014381591562799617,
    "portugal": 0.1040268456375839,
    "ghana": 0.0014381591562799617,
    "netherlands": 0.03883029721955897,
    "algeria": 0.0014381591562799617,
    "bosnia_and_herzegovina": 0.0014381591562799617,
    "united_states": 0.01102588686481304,
    "canada": 0.0033557046979865775,
    "turkey": 0.01198465963566635,
    "uruguay": 0.010067114093959731,
    "mexico": 0.012943432406519656,
    "paraguay": 0.0014381591562799617,
    "scotland": 0.0023969319271332696,
    "japan": 0.01677852348993289,
    "norway": 0.023489932885906045,
    "tunisia": 0.0004793863854266539,
    "ecuador": 0.008149568552253118,
    "uzbekistan": 0.0004793863854266539,
    "morocco": 0.014860977948226271,
    "panama": 0.0004793863854266539,
    "iraq": 0.0004793863854266539,
    "south_africa": 0.0004793863854266539,
    "senegal": 0.007190795781399808,
    "ivory_coast": 0.004314477468839886,
    "dr_congo": 0.0014381591562799617,
    "cape_verde": 0.0004793863854266539,
    "czech_republic": 0.0014381591562799617,
    "qatar": 0.0004793863854266539,
    "belgium": 0.020613614573346116,
    "australia": 0.0014381591562799617,
    "saudi_arabia": 0.0004793863854266539,
    "austria": 0.004314477468839886,
    "croatia": 0.009108341323106424,
    "egypt": 0.0023969319271332696,
    "sweden": 0.0033557046979865775
  },
  "raw_price": {
    "spain": 0.1695,
    "new_zealand": 0.0005,
    "switzerland": 0.0125,
    "england": 0.1085,
    "france": 0.1605,
    "south_korea": 0.0025,
    "haiti": 0.0005,
    "brazil": 0.0845,
    "jordan": 0.0005,
    "curacao": 0.0005,
    "argentina": 0.0935,
    "germany": 0.0525,
    "colombia": 0.0185,
    "iran": 0.0015,
    "portugal": 0.1085,
    "ghana": 0.0015,
    "netherlands": 0.0405,
    "algeria": 0.0015,
    "bosnia_and_herzegovina": 0.0015,
    "united_states": 0.0115,
    "canada": 0.0035,
    "turkey": 0.0125,
    "uruguay": 0.010499999999999999,
    "mexico": 0.0135,
    "paraguay": 0.0015,
    "scotland": 0.0025,
    "japan": 0.0175,
    "norway": 0.0245,
    "tunisia": 0.0005,
    "ecuador": 0.0085,
    "uzbekistan": 0.0005,
    "morocco": 0.0155,
    "panama": 0.0005,
    "iraq": 0.0005,
    "south_africa": 0.0005,
    "senegal": 0.0075,
    "ivory_coast": 0.0045000000000000005,
    "dr_congo": 0.0015,
    "cape_verde": 0.0005,
    "czech_republic": 0.0015,
    "qatar": 0.0005,
    "belgium": 0.0215,
    "australia": 0.0015,
    "saudi_arabia": 0.0005,
    "austria": 0.0045000000000000005,
    "croatia": 0.0095,
    "egypt": 0.0025,
    "sweden": 0.0035
  },
  "team_names": {
    "spain": "Spain",
    "new_zealand": "New Zealand",
    "switzerland": "Switzerland",
    "england": "England",
    "france": "France",
    "south_korea": "South Korea",
    "haiti": "Haiti",
    "brazil": "Brazil",
    "jordan": "Jordan",
    "curacao": "Curacao",
    "argentina": "Argentina",
    "germany": "Germany",
    "colombia": "Colombia",
    "iran": "Iran",
    "portugal": "Portugal",
    "ghana": "Ghana",
    "netherlands": "Netherlands",
    "algeria": "Algeria",
    "bosnia_and_herzegovina": "Bosnia and Herzegovina",
    "united_states": "United States",
    "canada": "Canada",
    "turkey": "Turkey",
    "uruguay": "Uruguay",
    "mexico": "Mexico",
    "paraguay": "Paraguay",
    "scotland": "Scotland",
    "japan": "Japan",
    "norway": "Norway",
    "tunisia": "Tunisia",
    "ecuador": "Ecuador",
    "uzbekistan": "Uzbekistan",
    "morocco": "Morocco",
    "panama": "Panama",
    "iraq": "Iraq",
    "south_africa": "South Africa",
    "senegal": "Senegal",
    "ivory_coast": "Ivory Coast",
    "dr_congo": "DR Congo",
    "cape_verde": "Cape Verde",
    "czech_republic": "Czech Republic",
    "qatar": "Qatar",
    "belgium": "Belgium",
    "australia": "Australia",
    "saudi_arabia": "Saudi Arabia",
    "austria": "Austria",
    "croatia": "Croatia",
    "egypt": "Egypt",
    "sweden": "Sweden"
  }
}