{
  "as_of": "2026-06-10",
  "source": "polymarket world-cup-winner, de-pathed via own bracket engine",
  "method": "depathed = market / (P_actual / mean P_random); baseline c_m=0, host OFF; 40 random draws x 1500 sims",
  "p_market": {
    "spain": 0.16058357466332443,
    "new_zealand": 0.0004862235594145515,
    "switzerland": 0.00819311260693096,
    "england": 0.09849767274975212,
    "france": 0.16522944764668182,
    "south_korea": 0.0024311177970727576,
    "haiti": 0.0004862235594145515,
    "brazil": 0.08586962287696898,
    "jordan": 0.0004862235594145515,
    "curacao": 0.0004862235594145515,
    "argentina": 0.08448618292783573,
    "germany": 0.04708345848181803,
    "colombia": 0.018251616824509955,
    "iran": 0.0013232227060421685,
    "portugal": 0.09315276294860975,
    "ghana": 0.0024311177970727576,
    "netherlands": 0.04135383092471401,
    "algeria": 0.0019263032543336653,
    "bosnia_and_herzegovina": 0.0024311177970727576,
    "united_states": 0.011183141866534685,
    "canada": 0.0028896934106231293,
    "turkey": 0.013614259663607442,
    "uruguay": 0.009432246023848697,
    "mexico": 0.01168954823335063,
    "paraguay": 0.0024311177970727576,
    "scotland": 0.0024311177970727576,
    "japan": 0.021031484208070494,
    "norway": 0.02937269635539696,
    "tunisia": 0.0004862235594145515,
    "ecuador": 0.007000418797302967,
    "uzbekistan": 0.0004862235594145515,
    "morocco": 0.015240407340574382,
    "panama": 0.0004862235594145515,
    "iraq": 0.0004862235594145515,
    "south_africa": 0.0004862235594145515,
    "senegal": 0.0069363628871646965,
    "ivory_coast": 0.0034035649159018604,
    "dr_congo": 0.0004862235594145515,
    "cape_verde": 0.0004862235594145515,
    "czech_republic": 0.0024311177970727576,
    "qatar": 0.0004862235594145515,
    "belgium": 0.018326974508929905,
    "australia": 0.0014271318578825192,
    "saudi_arabia": 0.0004862235594145515,
    "austria": 0.0055564547641990016,
    "croatia": 0.008257616549632517,
    "egypt": 0.0024311177970727576,
    "sweden": 0.0053484591535600656
  },
  "p_market_raw": {
    "spain": 0.15553388590931252,
    "new_zealand": 0.00048756704046806434,
    "switzerland": 0.009263773768893221,
    "england": 0.11165285226718673,
    "france": 0.16333495855680155,
    "south_korea": 0.0024378352023403218,
    "haiti": 0.00048756704046806434,
    "brazil": 0.08142369575816674,
    "jordan": 0.00048756704046806434,
    "curacao": 0.00048756704046806434,
    "argentina": 0.08727450024378351,
    "germany": 0.052169673330082884,
    "colombia": 0.017064846416382253,
    "iran": 0.001462701121404193,
    "portugal": 0.09117503656752803,
    "ghana": 0.0024378352023403218,
    "netherlands": 0.03851779619697708,
    "algeria": 0.001462701121404193,
    "bosnia_and_herzegovina": 0.0024378352023403218,
    "united_states": 0.01121404193076548,
    "canada": 0.00341296928327645,
    "turkey": 0.0136518771331058,
    "uruguay": 0.01121404193076548,
    "mexico": 0.01121404193076548,
    "paraguay": 0.0024378352023403218,
    "scotland": 0.0024378352023403218,
    "japan": 0.018039980497318378,
    "norway": 0.024865919063871283,
    "tunisia": 0.00048756704046806434,
    "ecuador": 0.008288639687957094,
    "uzbekistan": 0.00048756704046806434,
    "morocco": 0.015114578254509995,
    "panama": 0.00048756704046806434,
    "iraq": 0.00048756704046806434,
    "south_africa": 0.00048756704046806434,
    "senegal": 0.006338371526084837,
    "ivory_coast": 0.00341296928327645,
    "dr_congo": 0.00048756704046806434,
    "cape_verde": 0.00048756704046806434,
    "czech_republic": 0.0024378352023403218,
    "qatar": 0.00048756704046806434,
    "belgium": 0.01901511457825451,
    "australia": 0.001462701121404193,
    "saudi_arabia": 0.00048756704046806434,
    "austria": 0.005363237445148707,
    "croatia": 0.008288639687957094,
    "egypt": 0.0024378352023403218,
    "sweden": 0.005363237445148707
  },
  "path_factor": {
    "spain": 0.9659,
    "new_zealand": 1.0,
    "switzerland": 1.1276,
    "england": 1.1304,
    "france": 0.9858,
    "south_korea": 1.0,
    "haiti": 1.0,
    "brazil": 0.9456,
    "jordan": 1.0,
    "curacao": 1.0,
    "argentina": 1.0302,
    "germany": 1.105,
    "colombia": 0.9324,
    "iran": 1.1024,
    "portugal": 0.9761,
    "ghana": 1.0,
    "netherlands": 0.9289,
    "algeria": 0.7572,
    "bosnia_and_herzegovina": 1.0,
    "united_states": 1.0,
    "canada": 1.1778,
    "turkey": 1.0,
    "uruguay": 1.1856,
    "mexico": 0.9567,
    "paraguay": 1.0,
    "scotland": 1.0,
    "japan": 0.8554,
    "norway": 0.8442,
    "tunisia": 1.0,
    "ecuador": 1.1808,
    "uzbekistan": 1.0,
    "morocco": 0.989,
    "panama": 1.0,
    "iraq": 1.0,
    "south_africa": 1.0,
    "senegal": 0.9113,
    "ivory_coast": 1.0,
    "dr_congo": 1.0,
    "cape_verde": 1.0,
    "czech_republic": 1.0,
    "qatar": 1.0,
    "belgium": 1.0347,
    "australia": 1.0221,
    "saudi_arabia": 1.0,
    "austria": 0.9626,
    "croatia": 1.001,
    "egypt": 1.0,
    "sweden": 1.0
  },
  "p_actual": {
    "spain": 0.15383,
    "new_zealand": 0.0,
    "switzerland": 0.0165,
    "england": 0.08233,
    "france": 0.088,
    "south_korea": 0.0065,
    "haiti": 0.0,
    "brazil": 0.0765,
    "jordan": 0.0,
    "curacao": 0.0,
    "argentina": 0.14233,
    "germany": 0.04667,
    "colombia": 0.03333,
    "iran": 0.007,
    "portugal": 0.06867,
    "ghana": 0.0,
    "netherlands": 0.047,
    "algeria": 0.00567,
    "bosnia_and_herzegovina": 0.0,
    "united_states": 0.006,
    "canada": 0.0085,
    "turkey": 0.00383,
    "uruguay": 0.0165,
    "mexico": 0.00883,
    "paraguay": 0.00283,
    "scotland": 0.00117,
    "japan": 0.035,
    "norway": 0.01183,
    "tunisia": 0.00083,
    "ecuador": 0.0135,
    "uzbekistan": 0.001,
    "morocco": 0.033,
    "panama": 0.0,
    "iraq": 0.0,
    "south_africa": 0.00017,
    "senegal": 0.01267,
    "ivory_coast": 0.00317,
    "dr_congo": 0.00117,
    "cape_verde": 0.0,
    "czech_republic": 0.00067,
    "qatar": 0.0,
    "belgium": 0.02883,
    "australia": 0.00617,
    "saudi_arabia": 0.00017,
    "austria": 0.009,
    "croatia": 0.01683,
    "egypt": 0.003,
    "sweden": 0.001
  },
  "p_neutral": {
    "spain": 0.15927,
    "new_zealand": 0.00033,
    "switzerland": 0.01463,
    "england": 0.07283,
    "france": 0.08927,
    "south_korea": 0.00417,
    "haiti": 0.0001,
    "brazil": 0.0809,
    "jordan": 0.00012,
    "curacao": 0.0,
    "argentina": 0.13817,
    "germany": 0.04223,
    "colombia": 0.03575,
    "iran": 0.00635,
    "portugal": 0.07035,
    "ghana": 0.00017,
    "netherlands": 0.0506,
    "algeria": 0.00748,
    "bosnia_and_herzegovina": 8e-05,
    "united_states": 0.00435,
    "canada": 0.00722,
    "turkey": 0.00485,
    "uruguay": 0.01392,
    "mexico": 0.00923,
    "paraguay": 0.0015,
    "scotland": 0.0011,
    "japan": 0.04092,
    "norway": 0.01402,
    "tunisia": 0.00105,
    "ecuador": 0.01143,
    "uzbekistan": 0.00112,
    "morocco": 0.03337,
    "panama": 0.00037,
    "iraq": 0.00015,
    "south_africa": 0.0001,
    "senegal": 0.0139,
    "ivory_coast": 0.00332,
    "dr_congo": 0.00077,
    "cape_verde": 0.00012,
    "czech_republic": 0.00075,
    "qatar": 2e-05,
    "belgium": 0.02787,
    "australia": 0.00603,
    "saudi_arabia": 7e-05,
    "austria": 0.00935,
    "croatia": 0.01682,
    "egypt": 0.00198,
    "sweden": 0.00153
  },
  "team_names": {
    "spain": "Spain",
    "new_zealand": "New Zealand",
    "switzerland": "Switzerland",
    "england": "England",
    "france": "France",
    "south_korea": "South Korea",
    "haiti": "Haiti",
    "brazil": "Brazil",
    "jordan": "Jordan",
    "curacao": "Curacao",
    "argentina": "Argentina",
    "germany": "Germany",
    "colombia": "Colombia",
    "iran": "Iran",
    "portugal": "Portugal",
    "ghana": "Ghana",
    "netherlands": "Netherlands",
    "algeria": "Algeria",
    "bosnia_and_herzegovina": "Bosnia and Herzegovina",
    "united_states": "United States",