{
  "base": {
    "xi": 0.0008,
    "lambda_reg": 8.0,
    "c_a": 0.3,
    "c_x": 0.1,
    "c_d": 0.3,
    "c_y": 0.1,
    "theta": 0.0,
    "blend_weight": 0.7,
    "n_recent": 10
  },
  "results": [
    {
      "c_v": 0.0,
      "val_log_loss": 0.9577366476664052,
      "val_brier": 0.5682013320187768,
      "val_rps": 0.19745791147867056,
      "n": 224
    },
    {
      "c_v": 0.1,
      "val_log_loss": 0.9572888112247406,
      "val_brier": 0.567507173932961,
      "val_rps": 0.19716876108899162,
      "n": 224
    },
    {
      "c_v": 0.2,
      "val_log_loss": 0.958000079331684,
      "val_brier": 0.5675860564153272,
      "val_rps": 0.1972358069987544,
      "n": 224
    },
    {
      "c_v": 0.3,
      "val_log_loss": 0.9601085980316151,
      "val_brier": 0.5684720312792726,
      "val_rps": 0.19765318793260503,
      "n": 224
    }
  ],
  "best": {
    "c_v": 0.1,
    "val_log_loss": 0.9572888112247406,
    "val_brier": 0.567507173932961,
    "val_rps": 0.19716876108899162,
    "n": 224
  }
}